NDWI,date
-0.2087765203,2018-01-10
-0.2341377373,2018-01-10
-0.1350163971,2018-01-10
-0.2407770413,2018-01-10
-0.1986095013,2018-01-15
-0.248591433,2018-01-15
-0.1228463351,2018-01-15
-0.2555701613,2018-01-15
-0.2155820829,2018-01-20
-0.2661313279,2018-01-20
-0.1330827996,2018-01-20
-0.2699940213,2018-01-20
-0.2246522755,2018-01-30
-0.2745559102,2018-01-30
-0.1459599701,2018-01-30
-0.2803647375,2018-01-30
-0.2331577662,2018-02-09
-0.3106730685,2018-02-09
-0.1503712447,2018-02-09
-0.3208295551,2018-02-09
-0.2761069161,2018-02-14
-0.3682549733,2018-02-14
-0.1876385494,2018-02-14
-0.3744509662,2018-02-14
-0.2543848281,2018-02-19
-0.330736218,2018-02-19
-0.1611048224,2018-02-19
-0.3336279027,2018-02-19
-0.150381633,2018-02-24
-0.2096123243,2018-02-24
-0.06799250767,2018-02-24
-0.1860891809,2018-02-24
-0.152804151,2018-03-01
-0.1974653177,2018-03-01
-0.09745832337,2018-03-01
-0.240234774,2018-03-01
-0.265246251,2018-03-06
-0.3638261855,2018-03-06
-0.1918789146,2018-03-06
-0.3608292501,2018-03-06
-0.1526373588,2018-03-11
-0.3318578988,2018-03-11
-0.1788067552,2018-03-11
-0.3289199184,2018-03-11
-0.1980933197,2018-03-16
-0.2737024675,2018-03-16
-0.1272670709,2018-03-16
-0.2657040823,2018-03-16
-0.2118351741,2018-03-26
-0.2592960281,2018-03-26
-0.1833408304,2018-03-26
-0.2570595802,2018-03-26
-0.1955911607,2018-03-31
-0.2111897449,2018-03-31
-0.1763834819,2018-03-31
-0.213777737,2018-03-31
-0.1248417774,2018-04-05
-0.1206425107,2018-04-05
-0.125304617,2018-04-05
-0.1186181374,2018-04-05
-0.1512752596,2018-04-10
-0.1452607643,2018-04-10
-0.1493637344,2018-04-10
-0.1545395327,2018-04-10
-0.1693555052,2018-04-15
-0.1819354988,2018-04-15
-0.1676511964,2018-04-15
-0.1853144058,2018-04-15
-0.1637395957,2018-04-20
-0.1641235185,2018-04-20
-0.1579256518,2018-04-20
-0.1659188929,2018-04-20
-0.1992913328,2018-04-25
-0.1929368105,2018-04-25
-0.1986911143,2018-04-25
-0.1977561365,2018-04-25
-0.1748057068,2018-04-30
-0.1634894117,2018-04-30
-0.1721803279,2018-04-30
-0.1714781976,2018-04-30
-0.1638180097,2018-05-05
-0.1536506491,2018-05-05
-0.164979439,2018-05-05
-0.1650944885,2018-05-05
-0.1685863323,2018-05-10
-0.1466064618,2018-05-10
-0.1783448503,2018-05-10
-0.147140736,2018-05-10
-0.1060091666,2018-05-15
-0.09015713825,2018-05-15
-0.1122011961,2018-05-15
-0.09480128064,2018-05-15
-0.1065565291,2018-05-20
-0.1320468631,2018-05-20
-0.1322090346,2018-05-20
-0.1427639339,2018-05-20
-0.1868731171,2018-05-25
-0.1884068345,2018-05-25
-0.1933741396,2018-05-25
-0.1920628531,2018-05-25
-0.105196908,2018-05-30
-0.09114892846,2018-05-30
-0.1069372495,2018-05-30
-0.1098724969,2018-05-30
-0.116103751,2018-06-04
-0.1186858771,2018-06-04
-0.1169432198,2018-06-04
-0.1194988315,2018-06-04
-0.0850103971,2018-06-09
-0.06986913928,2018-06-09
-0.09310442226,2018-06-09
-0.06670994468,2018-06-09
-0.105162826,2018-06-14
-0.1102462216,2018-06-14
-0.1000434473,2018-06-14
-0.1105694401,2018-06-14
-0.1656640602,2018-06-19
-0.1680169461,2018-06-19
-0.1676253073,2018-06-19
-0.1660271512,2018-06-19
-0.1478255568,2018-06-24
-0.1578679578,2018-06-24
-0.1331226322,2018-06-24
-0.1569352239,2018-06-24
-0.02912022529,2018-06-29
-0.02114801489,2018-06-29
-0.008559546733,2018-06-29
-0.01686557383,2018-06-29
-0.02761373606,2018-07-04
-0.02411515311,2018-07-04
-0.06797282906,2018-07-04
-0.02637546507,2018-07-04
-0.1479180904,2018-07-09
-0.148246621,2018-07-09
-0.1529591273,2018-07-09
-0.1535396064,2018-07-09
-0.04180563647,2018-07-14
-0.07018641145,2018-07-14
-0.03233692733,2018-07-14
-0.05180074054,2018-07-14
-0.1323782462,2018-07-19
-0.1286393867,2018-07-19
-0.1263676487,2018-07-19
-0.1518225583,2018-07-19
-0.09237052731,2018-07-24
-0.1571340769,2018-07-24
-0.1108871741,2018-07-24
-0.1198017984,2018-07-24
-0.1894154996,2018-07-29
-0.2220627907,2018-07-29
-0.2032048171,2018-07-29
-0.2176310585,2018-07-29
-0.1987312335,2018-08-03
-0.1784824355,2018-08-03
-0.1909598113,2018-08-03
-0.1962024242,2018-08-03
-0.1340871924,2018-08-08
-0.1699571205,2018-08-08
-0.1160567345,2018-08-08
-0.1701962691,2018-08-08
-0.07928065526,2018-08-13
-0.07629268756,2018-08-13
-0.07253084356,2018-08-13
-0.07026937194,2018-08-13
-0.1239458669,2018-08-18
-0.103974409,2018-08-18
-0.1200509293,2018-08-18
-0.1517000102,2018-08-18
-0.02722173604,2018-08-23
-0.0321118191,2018-08-23
-0.04556369416,2018-08-23
-0.04698940247,2018-08-23
-0.004932539451,2018-08-28
-0.01822979665,2018-08-28
-0.02333363542,2018-08-28
-0.02631210265,2018-08-28
-0.007721609013,2018-09-02
-0.01256986498,2018-09-02
-0.01578663832,2018-09-02
-0.01421005313,2018-09-02
-0.2103185828,2018-09-07
-0.2905112127,2018-09-07
-0.1505032355,2018-09-07
-0.2872334022,2018-09-07
-0.2063126001,2018-09-12
-0.3385693906,2018-09-12
-0.2421021602,2018-09-12
-0.3294194971,2018-09-12
-0.220294692,2018-09-17
-0.3115302844,2018-09-17
-0.2267998398,2018-09-17
-0.2995541617,2018-09-17
0.003481217474,2018-09-22
0.01530232811,2018-09-22
0.012080545,2018-09-22
0.01879002382,2018-09-22
-0.2467751651,2018-09-27
-0.3096944563,2018-09-27
-0.2434918829,2018-09-27
-0.2935145585,2018-09-27
-0.2541041794,2018-10-02
-0.3050211943,2018-10-02
-0.2553656752,2018-10-02
-0.2888482268,2018-10-02
-0.2320438864,2018-10-07
-0.2811968068,2018-10-07
-0.2351143384,2018-10-07
-0.2637912729,2018-10-07
-0.2302920909,2018-10-12
-0.280353787,2018-10-12
-0.2354437824,2018-10-12
-0.2681170764,2018-10-12
-0.2135523308,2018-10-17
-0.2327897152,2018-10-17
-0.2070394435,2018-10-17
-0.2180556835,2018-10-17
-0.2035772835,2018-10-22
-0.2186571584,2018-10-22
-0.2068202994,2018-10-22
-0.2070402679,2018-10-22
-0.1034134119,2018-10-27
-0.1031757638,2018-10-27
-0.09352731279,2018-10-27
-0.0986920262,2018-10-27
-0.08086689402,2018-11-01
-0.07709777871,2018-11-01
-0.0682325668,2018-11-01
-0.09097913686,2018-11-01
-0.2130917317,2018-11-06
-0.2086418027,2018-11-06
-0.2011346973,2018-11-06
-0.2098385069,2018-11-06
-0.1454592387,2018-11-11
-0.09066711788,2018-11-11
-0.1175468821,2018-11-11
-0.08969623564,2018-11-11
-0.2048407397,2018-11-16
-0.1790159718,2018-11-16
-0.1865443334,2018-11-16
-0.1891529573,2018-11-16
-0.1628371141,2018-11-21
-0.1374633163,2018-11-21
-0.137766649,2018-11-21
-0.1489659992,2018-11-21
-0.1770884601,2018-11-26
-0.1395638828,2018-11-26
-0.1436222599,2018-11-26
-0.1476900534,2018-11-26
-0.2036050491,2018-12-01
-0.1619854617,2018-12-01
-0.162993379,2018-12-01
-0.172099591,2018-12-01
-0.1439667905,2018-12-06
-0.1297841519,2018-12-06
-0.09260166515,2018-12-06
-0.1434807402,2018-12-06
-0.03273932895,2018-12-11
-0.01986275316,2018-12-11
0.003206562248,2018-12-11
-0.03233388193,2018-12-11
-0.2178526121,2018-12-16
-0.2023001616,2018-12-16
-0.1508258129,2018-12-16
-0.2108558849,2018-12-16
-0.1811514833,2018-12-21
-0.1754898339,2018-12-21
-0.113676206,2018-12-21
-0.1851326733,2018-12-21
-0.186216105,2018-12-26
-0.1959200422,2018-12-26
-0.1113393664,2018-12-26
-0.2018028415,2018-12-26
-0.1783059533,2018-12-31
-0.1979583747,2018-12-31
-0.1070873434,2018-12-31
-0.2120076537,2018-12-31
-0.1149122327,2019-01-05
-0.1084910332,2019-01-05
-0.05579704986,2019-01-05
-0.1208255353,2019-01-05
-0.202818625,2019-01-10
-0.2300850859,2019-01-10
-0.1309739729,2019-01-10
-0.2237803877,2019-01-10
-0.1008641901,2019-01-15
-0.1129909553,2019-01-15
-0.07762660035,2019-01-15
-0.1255800338,2019-01-15
-0.2038679949,2019-01-20
-0.2484550027,2019-01-20
-0.1139968489,2019-01-20
-0.2571008903,2019-01-20
-0.1300281446,2019-01-25
-0.1809960115,2019-01-25
-0.1016598051,2019-01-25
-0.1984994586,2019-01-25
-0.1902849677,2019-01-30
-0.213208866,2019-01-30
-0.1172442716,2019-01-30
-0.2150795317,2019-01-30
-0.1217627701,2019-02-04
-0.1612603308,2019-02-04
-0.1357675582,2019-02-04
-0.2116094602,2019-02-04
-0.279568545,2019-02-09
-0.3651030838,2019-02-09
-0.1976003056,2019-02-09
-0.37245671,2019-02-09
-0.03072076609,2019-02-14
-0.03420169306,2019-02-14
-0.02838695824,2019-02-14
-0.03522240906,2019-02-14
-0.169278068,2019-02-19
-0.1191798255,2019-02-19
-0.09200298336,2019-02-19
-0.1150592328,2019-02-19
-0.2699704659,2019-02-24
-0.3707194115,2019-02-24
-0.1871751869,2019-02-24
-0.3422049453,2019-02-24
-0.2913378551,2019-03-01
-0.3852893463,2019-03-01
-0.216960808,2019-03-01
-0.3901687718,2019-03-01
-0.2737527041,2019-03-06
-0.3712072904,2019-03-06
-0.203770849,2019-03-06
-0.3737514931,2019-03-06
-0.2192284813,2019-03-11
-0.3013787803,2019-03-11
-0.1623843034,2019-03-11
-0.2982343871,2019-03-11
-0.2560069999,2019-03-16
-0.3276764417,2019-03-16
-0.2047818723,2019-03-16
-0.3342042962,2019-03-16
-0.2079160896,2019-03-21
-0.2632111931,2019-03-21
-0.1520968478,2019-03-21
-0.2680140951,2019-03-21
-0.251870035,2019-03-26
-0.3291557327,2019-03-26
-0.2154406801,2019-03-26
-0.3268184508,2019-03-26
-0.2556007854,2019-03-31
-0.3193492554,2019-03-31
-0.2229142878,2019-03-31
-0.3169761519,2019-03-31
-0.1876141483,2019-04-05
-0.2205843279,2019-04-05
-0.1685155617,2019-04-05
-0.2180801357,2019-04-05
-0.1968925272,2019-04-10
-0.2184664817,2019-04-10
-0.1950299572,2019-04-10
-0.2200377168,2019-04-10
-0.2059439831,2019-04-15
-0.2263966117,2019-04-15
-0.2056126581,2019-04-15
-0.2279039778,2019-04-15
-0.1824776371,2019-04-20
-0.1811304899,2019-04-20
-0.1764406529,2019-04-20
-0.1696657838,2019-04-20
-0.1539925497,2019-04-25
-0.1646376629,2019-04-25
-0.1481369929,2019-04-25
-0.1626333477,2019-04-25
-0.1772089793,2019-04-30
-0.1853460232,2019-04-30
-0.1768192414,2019-04-30
-0.1868978141,2019-04-30
-0.2131979532,2019-05-05
-0.2166965406,2019-05-05
-0.217303455,2019-05-05
-0.220386245,2019-05-05
-0.1658887658,2019-05-10
-0.1551782978,2019-05-10
-0.1702775614,2019-05-10
-0.1607396285,2019-05-10
-0.05168126149,2019-05-15
-0.03489305166,2019-05-15
-0.05802142724,2019-05-15
-0.03618780368,2019-05-15
-0.1817647416,2019-05-20
-0.1650801323,2019-05-20
-0.1993357311,2019-05-20
-0.1675785661,2019-05-20
-0.2047544339,2019-05-25
-0.1917904247,2019-05-25
-0.2218061456,2019-05-25
-0.1928464316,2019-05-25
-0.1935047412,2019-05-30
-0.1852761817,2019-05-30
-0.2013573654,2019-05-30
-0.1848031353,2019-05-30
-0.154867258,2019-06-04
-0.1448652098,2019-06-04
-0.1625773038,2019-06-04
-0.1479592822,2019-06-04
-0.177614752,2019-06-09
-0.1697377709,2019-06-09
-0.1799937739,2019-06-09
-0.1754178707,2019-06-09
-0.1902727436,2019-06-14
-0.1827169502,2019-06-14
-0.1984876285,2019-06-14
-0.1842843383,2019-06-14
-0.1684299936,2019-06-19
-0.1702542482,2019-06-19
-0.1704819922,2019-06-19
-0.1761131068,2019-06-19
-0.01958549734,2019-06-24
-0.01024526666,2019-06-24
-0.01664550589,2019-06-24
-0.01730776179,2019-06-24
-0.1609122956,2019-06-29
-0.1650278343,2019-06-29
-0.1710202317,2019-06-29
-0.1709170763,2019-06-29
-7.76E-05,2019-07-04
4.45E-04,2019-07-04
-0.01009328908,2019-07-04
-0.01114501983,2019-07-04
-0.01733695044,2019-07-09
-0.025736875,2019-07-09
-0.003583375814,2019-07-09
-0.01748843553,2019-07-09
-0.103130576,2019-07-14
-0.1039515714,2019-07-14
-0.1029033572,2019-07-14
-0.1057099027,2019-07-14
-0.08511465832,2019-07-19
-0.04441539362,2019-07-19
-0.09123244438,2019-07-19
-0.03247832364,2019-07-19
-0.06512340538,2019-07-24
-0.0586371532,2019-07-24
-0.07344537925,2019-07-24
-0.05641694088,2019-07-24
-0.06849770587,2019-07-29
-0.1363115811,2019-07-29
-0.06529108543,2019-07-29
-0.144809557,2019-07-29
-0.02021710039,2019-08-03
-0.01671364806,2019-08-03
-0.02279748541,2019-08-03
-0.01872576418,2019-08-03
-0.2509157211,2019-08-08
-0.2631599799,2019-08-08
-0.2651438326,2019-08-08
-0.2640155931,2019-08-08
-0.08807779474,2019-08-13
-0.1846005471,2019-08-13
-0.06224387267,2019-08-13
-0.1804866669,2019-08-13
-0.03004008729,2019-08-18
-0.01768356994,2019-08-18
-0.03278533136,2019-08-18
-0.01738147197,2019-08-18
-0.2327270221,2019-08-23
-0.2574360869,2019-08-23
-0.1697861451,2019-08-23
-0.2427055655,2019-08-23
-0.1709308778,2019-08-28
-0.1919381837,2019-08-28
-0.1750546384,2019-08-28
-0.2025809965,2019-08-28
-0.1768693584,2019-09-02
-0.2628912869,2019-09-02
-0.1688984176,2019-09-02
-0.2658595997,2019-09-02
-0.1533158087,2019-09-07
-0.1975292233,2019-09-07
-0.1161742498,2019-09-07
-0.2016640945,2019-09-07
-0.1557814923,2019-09-12
-0.1763383259,2019-09-12
-0.1292278619,2019-09-12
-0.1845498182,2019-09-12
-0.1460943553,2019-09-17
-0.253848809,2019-09-17
-0.1630725727,2019-09-17
-0.2764472659,2019-09-17
-0.06824198935,2019-09-22
-0.1196550662,2019-09-22
-0.04634760872,2019-09-22
-0.07513192623,2019-09-22
-0.04858018161,2019-09-27
-0.2483819047,2019-09-27
-0.05630675265,2019-09-27
-0.2462411522,2019-09-27
-0.1251414088,2019-10-02
-0.1903970122,2019-10-02
-0.1017712151,2019-10-02
-0.1787412195,2019-10-02
-0.1395714199,2019-10-07
-0.2014951576,2019-10-07
-0.1269573027,2019-10-07
-0.1930844414,2019-10-07
-0.1936389792,2019-10-12
-0.2137579492,2019-10-12
-0.1934983659,2019-10-12
-0.2037994714,2019-10-12
-0.1402592162,2019-10-17
-0.1461440803,2019-10-17
-0.1367438135,2019-10-17
-0.1481811157,2019-10-17
-0.125889563,2019-10-22
-0.1789514608,2019-10-22
-0.1493229642,2019-10-22
-0.1474951168,2019-10-22
-0.14994222,2019-10-27
-0.1473295064,2019-10-27
-0.1424737683,2019-10-27
-0.136599055,2019-10-27
-0.014236619,2019-11-01
-0.03082283525,2019-11-01
-0.01669230891,2019-11-01
-0.03570088501,2019-11-01
-0.1636432305,2019-11-06
-0.1091917043,2019-11-06
-0.1425372925,2019-11-06
-0.09232624677,2019-11-06
-0.05481278449,2019-11-11
-0.05404654857,2019-11-11
-0.04135858036,2019-11-11
-0.05010160175,2019-11-11
-0.1358771603,2019-11-16
-0.1310299152,2019-11-16
-0.1400937285,2019-11-16
-0.1249593271,2019-11-16
-0.0564835636,2019-11-21
-0.08219813384,2019-11-21
-0.05162672197,2019-11-21
-0.05943965244,2019-11-21
-0.06410400838,2019-11-26
-0.03311086629,2019-11-26
-0.04528105143,2019-11-26
-0.04292895532,2019-11-26
-0.1621196305,2019-12-01
-0.1369115399,2019-12-01
-0.1450191783,2019-12-01
-0.1448126183,2019-12-01
-0.1202237113,2019-12-06
-0.09989091568,2019-12-06
-0.09890491283,2019-12-06
-0.1145462882,2019-12-06
-0.04237860159,2019-12-11
-0.02599189247,2019-12-11
-0.03637030366,2019-12-11
-0.0357175313,2019-12-11
-0.03701929547,2019-12-16
-0.03426654228,2019-12-16
-0.03465017974,2019-12-16
-0.0335872186,2019-12-16
-0.02981366824,2019-12-21
-0.03752282103,2019-12-21
-0.01821277623,2019-12-21
-0.04119670233,2019-12-21
-0.06250829922,2019-12-26
-0.061655341,2019-12-26
-0.05930211482,2019-12-26
-0.06284041682,2019-12-26
-0.101652922,2019-12-31
-0.08876769302,2019-12-31
-0.07886129156,2019-12-31
-0.1054756953,2019-12-31
-0.160663068,2020-01-05
-0.1846780873,2020-01-05
-0.1064040001,2020-01-05
-0.2003134533,2020-01-05
-0.1531465511,2020-01-10
-0.218975923,2020-01-10
-0.1423450762,2020-01-10
-0.234896972,2020-01-10
-0.1716482927,2020-01-15
-0.2324555242,2020-01-15
-0.1153090196,2020-01-15
-0.2391941859,2020-01-15
-0.04967570783,2020-01-20
-0.08965257735,2020-01-20
-0.04177086953,2020-01-20
-0.08340635761,2020-01-20
-0.2408630889,2020-01-25
-0.2798948738,2020-01-25
-0.15440305,2020-01-25
-0.2788600852,2020-01-25
-0.2037351645,2020-01-30
-0.3175345001,2020-01-30
-0.1626667961,2020-01-30
-0.3266263143,2020-01-30
-0.1902566648,2020-02-04
-0.1642858991,2020-02-04
-0.1010595977,2020-02-04
-0.183916874,2020-02-04
-0.1889730953,2020-02-09
-0.2702602973,2020-02-09
-0.1344874647,2020-02-09
-0.3086983582,2020-02-09
-0.2860355694,2020-02-14
-0.3651223361,2020-02-14
-0.1993306215,2020-02-14
-0.3764055169,2020-02-14
-0.1594586797,2020-02-19
-0.3038076826,2020-02-19
-0.1150026296,2020-02-19
-0.3008193403,2020-02-19
-0.2232039305,2020-02-24
-0.3122420013,2020-02-24
-0.1597548781,2020-02-24
-0.3322986891,2020-02-24
-0.1075463662,2020-02-29
-0.1016151054,2020-02-29
-0.09213386974,2020-02-29
-0.1590216553,2020-02-29
-0.1944482998,2020-03-05
-0.2522463162,2020-03-05
-0.1068796727,2020-03-05
-0.2267310302,2020-03-05
-0.3035945653,2020-03-10
-0.3660366304,2020-03-10
-0.2348659444,2020-03-10
-0.3760919236,2020-03-10
-0.2141617326,2020-03-15
-0.3044128502,2020-03-15
-0.1396993912,2020-03-15
-0.311355627,2020-03-15
-0.2223314735,2020-03-20
-0.2728993122,2020-03-20
-0.1711856578,2020-03-20
-0.278801815,2020-03-20
-0.2814188282,2020-03-25
-0.3163089399,2020-03-25
-0.245853879,2020-03-25
-0.3232843101,2020-03-25
-0.277870421,2020-03-30
-0.3188670061,2020-03-30
-0.26133722,2020-03-30
-0.3217620196,2020-03-30
-0.2579490656,2020-04-04
-0.2871607026,2020-04-04
-0.2527828351,2020-04-04
-0.2884358032,2020-04-04
-0.20977161,2020-04-09
-0.241007757,2020-04-09
-0.200753063,2020-04-09
-0.2391313748,2020-04-09
-0.1031749584,2020-04-14
-0.1906831455,2020-04-14
-0.128517665,2020-04-14
-0.20472791,2020-04-14
-0.2284753607,2020-04-19
-0.2354804204,2020-04-19
-0.2382979336,2020-04-19
-0.2404674983,2020-04-19
-0.2124385612,2020-04-24
-0.2181930013,2020-04-24
-0.2223722027,2020-04-24
-0.2179389104,2020-04-24
-0.1949034748,2020-04-29
-0.1924772849,2020-04-29
-0.200858801,2020-04-29
-0.1883661043,2020-04-29
-0.1423802102,2020-05-04
-0.1932811092,2020-05-04
-0.1492349601,2020-05-04
-0.2063473284,2020-05-04
-0.1866999093,2020-05-09
-0.1760543964,2020-05-09
-0.1980101448,2020-05-09
-0.1787037456,2020-05-09
-0.1721539451,2020-05-14
-0.1533181105,2020-05-14
-0.1804698762,2020-05-14
-0.1524504295,2020-05-14
-0.1936366991,2020-05-24
-0.1764939712,2020-05-24
-0.2031209246,2020-05-24
-0.1765052306,2020-05-24
-0.08356328048,2020-05-29
-0.1088645392,2020-05-29
-0.09559192111,2020-05-29
-0.1117536878,2020-05-29
-0.1647264255,2020-06-03
-0.1728873034,2020-06-03
-0.1788209175,2020-06-03
-0.1722991308,2020-06-03
-0.1817457273,2020-06-08
-0.1927124834,2020-06-08
-0.2006681692,2020-06-08
-0.1945327073,2020-06-08
-0.09750429165,2020-06-13
-0.08737172002,2020-06-13
-0.1194756596,2020-06-13
-0.09648840213,2020-06-13
-0.2017253816,2020-06-18
-0.2198385707,2020-06-18
-0.2186530164,2020-06-18
-0.2181343928,2020-06-18
-0.1558042351,2020-06-23
-0.08456284287,2020-06-23
-0.1409447016,2020-06-23
-0.08137218596,2020-06-23
-0.1683772789,2020-06-28
-0.1253098975,2020-06-28
-0.1840733412,2020-06-28
-0.1706554987,2020-06-28
-0.1590484416,2020-07-03
-0.1524014281,2020-07-03
-0.1473487815,2020-07-03
-0.147323481,2020-07-03
-0.01314901419,2020-07-08
-0.01731058596,2020-07-08
-0.007977848478,2020-07-08
-0.009547397554,2020-07-08
-0.2359127041,2020-07-13
-0.2357115198,2020-07-13
-0.2245000213,2020-07-13
-0.221172835,2020-07-13
-0.02975170905,2020-07-18
-0.02349042796,2020-07-18
-0.03616638391,2020-07-18
-0.0252614795,2020-07-18
-0.1555426586,2020-07-23
-0.184405963,2020-07-23
-0.15312297,2020-07-23
-0.1737842691,2020-07-23
-0.2339984188,2020-07-28
-0.2560746783,2020-07-28
-0.2222988181,2020-07-28
-0.2514690938,2020-07-28
-0.2554174947,2020-08-02
-0.2673772201,2020-08-02
-0.2403613266,2020-08-02
-0.257097867,2020-08-02
-0.1771976086,2020-08-07
-0.1965613022,2020-08-07
-0.1341648666,2020-08-07
-0.1944023629,2020-08-07
-0.1528493343,2020-08-12
-0.236651399,2020-08-12
-0.1062197725,2020-08-12
-0.2140015843,2020-08-12
-0.05591640589,2020-08-17
-0.03084785629,2020-08-17
-0.1038124676,2020-08-17
-0.04894903372,2020-08-17
-0.2099835196,2020-08-22
-0.2994767458,2020-08-22
-0.161078061,2020-08-22
-0.2966612814,2020-08-22
-0.136006462,2020-08-27
-0.1785558547,2020-08-27
-0.1585965297,2020-08-27
-0.1715202916,2020-08-27
-0.1242356214,2020-09-01
-0.1574157628,2020-09-01
-0.1522661869,2020-09-01
-0.193727615,2020-09-01
-0.1276385809,2020-09-06
-0.1741084281,2020-09-06
-0.08375559196,2020-09-06
-0.1723298963,2020-09-06
-0.2630925345,2020-09-11
-0.3352340636,2020-09-11
-0.2659950501,2020-09-11
-0.3229462513,2020-09-11
-0.2153459885,2020-09-16
-0.2937236841,2020-09-16
-0.2094291266,2020-09-16
-0.2900965727,2020-09-16
-0.1882677557,2020-09-21
-0.2645472717,2020-09-21
-0.1946787094,2020-09-21
-0.2569908264,2020-09-21
-0.1110007349,2020-09-26
-0.04317519135,2020-09-26
-0.06242809611,2020-09-26
-0.0516212282,2020-09-26
-0.2458907747,2020-10-01
-0.2888779947,2020-10-01
-0.2519012674,2020-10-01
-0.2769902268,2020-10-01
-0.2544980783,2020-10-06
-0.2959614612,2020-10-06
-0.2618097866,2020-10-06
-0.2819266013,2020-10-06
-0.1888748813,2020-10-11
-0.2275500155,2020-10-11
-0.1825172592,2020-10-11
-0.2166009561,2020-10-11
-0.1989313784,2020-10-16
-0.2055404103,2020-10-16
-0.2047321793,2020-10-16
-0.1992884054,2020-10-16
-0.2093818211,2020-10-21
-0.2214204073,2020-10-21
-0.2201900474,2020-10-21
-0.2126882421,2020-10-21
-0.1042961361,2020-10-26
-0.1070818289,2020-10-26
-0.1057059303,2020-10-26
-0.1050099759,2020-10-26
-0.1706787137,2020-10-31
-0.181763111,2020-10-31
-0.1755657154,2020-10-31
-0.1795425224,2020-10-31
-0.1127125902,2020-11-05
-0.1271944654,2020-11-05
-0.1295516163,2020-11-05
-0.1293481333,2020-11-05
-0.076357751,2020-11-10
-0.07331862282,2020-11-10
-0.06980296635,2020-11-10
-0.08313904488,2020-11-10
-0.0564246652,2020-11-15
-0.02188106417,2020-11-15
-0.04700079746,2020-11-15
-0.01769560316,2020-11-15
-0.1712538227,2020-11-20
-0.1538418971,2020-11-20
-0.1663779999,2020-11-20
-0.1598018024,2020-11-20
-0.03770397741,2020-11-25
-0.04105681571,2020-11-25
-0.0397457292,2020-11-25
-0.0363526339,2020-11-25
-0.1488744308,2020-11-30
-0.1286603522,2020-11-30
-0.1313384469,2020-11-30
-0.1363793051,2020-11-30
-0.1245992968,2020-12-05
-0.07010657333,2020-12-05
-0.08904940749,2020-12-05
-0.07641802071,2020-12-05
-0.1364469124,2020-12-10
-0.117774991,2020-12-10
-0.1058923904,2020-12-10
-0.1279939716,2020-12-10
-0.149182249,2020-12-15
-0.1465467508,2020-12-15
-0.1119040885,2020-12-15
-0.159267986,2020-12-15
-0.1757548526,2020-12-20
-0.1722337785,2020-12-20
-0.129593168,2020-12-20
-0.1759485922,2020-12-20
-0.193855455,2020-12-25
-0.2063700731,2020-12-25
-0.143367106,2020-12-25
-0.2108513851,2020-12-25
-0.08538144479,2020-12-30
-0.07649689566,2020-12-30
-0.08887527335,2020-12-30
-0.07440944486,2020-12-30
-0.1551539187,2021-01-04
-0.1952983692,2021-01-04
-0.1022050328,2021-01-04
-0.2041197068,2021-01-04
-0.03823643824,2021-01-09
-0.09139632701,2021-01-09
-0.0252918281,2021-01-09
-0.08512335966,2021-01-09
-0.1074714191,2021-01-14
-0.05950201928,2021-01-14
-0.06673277133,2021-01-14
-0.05940488347,2021-01-14
-0.04960291074,2021-01-19
-0.1244779683,2021-01-19
-0.05107062933,2021-01-19
-0.1581167061,2021-01-19
-0.04979337675,2021-01-24
-0.05166999578,2021-01-24
-0.04850851187,2021-01-24
-0.05161249697,2021-01-24
-0.1938404251,2021-01-29
-0.2247126374,2021-01-29
-0.1148570409,2021-01-29
-0.2198444395,2021-01-29
-0.2006177228,2021-02-03
-0.2182830766,2021-02-03
-0.1155365136,2021-02-03
-0.2271664067,2021-02-03
-0.2207923964,2021-02-08
-0.2652304545,2021-02-08
-0.1349961397,2021-02-08
-0.2710315479,2021-02-08
-0.0819835472,2021-02-13
-0.06881944652,2021-02-13
-0.0774912311,2021-02-13
-0.07081033187,2021-02-13
-0.2152401591,2021-02-18
-0.2806959067,2021-02-18
-0.1361682465,2021-02-18
-0.3023561566,2021-02-18
-0.2454795216,2021-02-23
-0.303121773,2021-02-23
-0.1749065078,2021-02-23
-0.3071593846,2021-02-23
-0.2284604035,2021-02-28
-0.2848092628,2021-02-28
-0.1710624326,2021-02-28
-0.2928909613,2021-02-28
-0.2744130602,2021-03-05
-0.342949347,2021-03-05
-0.211181142,2021-03-05
-0.3453843096,2021-03-05
-0.2198108658,2021-03-10
-0.2607732111,2021-03-10
-0.1544627524,2021-03-10
-0.2591480571,2021-03-10
-0.2185892415,2021-03-10
-0.1597274919,2021-03-10
-0.1882399162,2021-03-15
-0.2182302953,2021-03-15
-0.1505025461,2021-03-15
-0.2231101276,2021-03-15
-0.2100992598,2021-03-20
-0.2395158784,2021-03-20
-0.1816244735,2021-03-20
-0.2477896656,2021-03-20
-0.2008532541,2021-03-25
-0.2286428785,2021-03-25
-0.1901856838,2021-03-25
-0.2179600893,2021-03-25
-0.2314268738,2021-03-30
-0.2324096743,2021-03-30
-0.2190450355,2021-03-30
-0.2377465316,2021-03-30
-0.2222926541,2021-04-04
-0.2327471899,2021-04-04
-0.212230224,2021-04-04
-0.2395153609,2021-04-04
-0.2360141054,2021-04-09
-0.2418615823,2021-04-09
-0.230992968,2021-04-09
-0.2478714825,2021-04-09
-0.1981588615,2021-04-14
-0.2115358468,2021-04-14
-0.190748232,2021-04-14
-0.2166575106,2021-04-14
-0.1948698549,2021-04-19
-0.2057691434,2021-04-19
-0.1920188565,2021-04-19
-0.2115439519,2021-04-19
-0.2300674178,2021-04-24
-0.2305340879,2021-04-24
-0.2371821703,2021-04-24
-0.2378069541,2021-04-24
-0.1526248391,2021-04-29
-0.1447527175,2021-04-29
-0.1544959406,2021-04-29
-0.1564581954,2021-04-29
-0.1623588127,2021-05-04
-0.08792288031,2021-05-04
-0.1530492353,2021-05-04
-0.1051292211,2021-05-04
-0.158329692,2021-05-09
-0.1345674939,2021-05-09
-0.1634150584,2021-05-09
-0.1422655979,2021-05-09
-0.1606114791,2021-05-14
-0.1455651756,2021-05-14
-0.1746977565,2021-05-14
-0.1522675029,2021-05-14
-0.006670700545,2021-05-19
-0.01121003471,2021-05-19
-0.005826853021,2021-05-19
-0.008442562219,2021-05-19
-0.1996156054,2021-05-24
-0.1916818642,2021-05-24
-0.2294441751,2021-05-24
-0.1975881762,2021-05-24
-0.1787361342,2021-05-29
-0.1744290721,2021-05-29
-0.2012764675,2021-05-29
-0.1739307476,2021-05-29
-0.1819629315,2021-06-03
-0.1701653145,2021-06-03
-0.1970343835,2021-06-03
-0.1644535506,2021-06-03
-0.1900252741,2021-06-08
-0.1878708511,2021-06-08
-0.2021853341,2021-06-08
-0.182322039,2021-06-08
-0.08859689968,2021-06-13
-0.1634048239,2021-06-13
-0.1598968947,2021-06-13
-0.1732083206,2021-06-13
-0.1239487932,2021-06-18
-0.1405561304,2021-06-18
-0.0987757219,2021-06-18
-0.116150169,2021-06-18
-0.230599125,2021-06-23
-0.231003265,2021-06-23
-0.2176364023,2021-06-23
-0.2257434006,2021-06-23
-0.1838448818,2021-06-28
-0.1648763722,2021-06-28
-0.1496580975,2021-06-28
-0.154278164,2021-06-28
-0.1206471595,2021-07-03
-0.1230726348,2021-07-03
-0.08963542957,2021-07-03
-0.1127974712,2021-07-03
-0.2077523362,2021-07-08
-0.2035423157,2021-07-08
-0.2040635343,2021-07-08
-0.1988110472,2021-07-08
-0.02181966194,2021-07-13
-0.02202520801,2021-07-13
-0.02421987285,2021-07-13
-0.02329896832,2021-07-13
-0.05314749482,2021-07-18
-0.05243081872,2021-07-18
-0.0471602585,2021-07-18
-0.04896844878,2021-07-18
-0.03016453815,2021-07-23
-0.05063010663,2021-07-23
-0.03808498385,2021-07-23
-0.07286563346,2021-07-23
-0.01138074101,2021-07-28
-0.01116729057,2021-07-28
-0.01521421307,2021-07-28
-0.01042025242,2021-07-28
-0.001416937384,2021-08-02
-0.008815076453,2021-08-02
-0.007892511618,2021-08-02
-0.0010746491,2021-08-02
-0.03703000705,2021-08-07
-0.02344338421,2021-08-07
-0.02520717198,2021-08-07
-0.02240273184,2021-08-07
-0.2390471627,2021-08-12
-0.2689466126,2021-08-12
-0.2503050807,2021-08-12
-0.2646720852,2021-08-12
-0.2164383184,2021-08-17
-0.2756879487,2021-08-17
-0.2182464371,2021-08-17
-0.2516257923,2021-08-17
-0.0274708807,2021-08-22
-0.04356026941,2021-08-22
-0.02287907576,2021-08-22
-0.02383675007,2021-08-22
-0.2417749131,2021-08-27
-0.2926305729,2021-08-27
-0.2510174046,2021-08-27
-0.2833639657,2021-08-27
-0.009202367077,2021-09-01
-0.006428563411,2021-09-01
-0.01209481852,2021-09-01
-0.005758842125,2021-09-01
-0.08739013469,2021-09-06
-0.06247472915,2021-09-06
-0.05219231368,2021-09-06
-0.08154317533,2021-09-06
-0.007050017322,2021-09-11
-0.01276393724,2021-09-11
-0.009441170523,2021-09-11
-0.01264662397,2021-09-11
-0.00131253897,2021-09-16
0.005625007621,2021-09-16
-0.006607380933,2021-09-16
0.008811841727,2021-09-16
-0.1120602935,2021-09-21
-0.1584358557,2021-09-21
-0.1338861387,2021-09-21
-0.1067965373,2021-09-21
-0.04299299216,2021-09-26
-0.0935481695,2021-09-26
-0.03199379508,2021-09-26
-0.08589266861,2021-09-26
-0.1002037543,2021-10-01
-0.1252311592,2021-10-01
-0.09277678499,2021-10-01
-0.1267535493,2021-10-01
-0.1752822352,2021-10-06
-0.24460495,2021-10-06
-0.1667894912,2021-10-06
-0.2107748595,2021-10-06
-0.2406528427,2021-10-11
-0.2777449309,2021-10-11
-0.2634858492,2021-10-11
-0.263747398,2021-10-11
-0.1686870597,2021-10-16
-0.2093050846,2021-10-16
-0.1782376068,2021-10-16
-0.1916779672,2021-10-16
-0.2513803222,2021-10-21
-0.280122232,2021-10-21
-0.277393571,2021-10-21
-0.2683214576,2021-10-21
-0.2242736151,2021-10-26
-0.2527659857,2021-10-26
-0.2529446255,2021-10-26
-0.2429232426,2021-10-26
-0.1919811902,2021-10-31
-0.1851212439,2021-10-31
-0.2029776269,2021-10-31
-0.1757920202,2021-10-31
-0.04554063703,2021-11-05
-0.03737441587,2021-11-05
-0.04273436743,2021-11-05
-0.03252170912,2021-11-05
-0.1159724884,2021-11-10
-0.1082056689,2021-11-10
-0.1198335599,2021-11-10
-0.1050114685,2021-11-10
-0.1110105932,2021-11-15
-0.07916628238,2021-11-15
-0.1073843083,2021-11-15
-0.07803072199,2021-11-15
-0.0853507813,2021-11-20
-0.05399818085,2021-11-20
-0.05499609453,2021-11-20
-0.05580135146,2021-11-20
-0.1550697834,2021-11-25
-0.09766224021,2021-11-25
-0.1222439928,2021-11-25
-0.1027319022,2021-11-25
-0.1530276694,2021-11-30
-0.1175551811,2021-11-30
-0.1331280453,2021-11-30
-0.1252151411,2021-11-30
-0.05719311043,2021-12-05
-0.1294318349,2021-12-05
-0.03367617379,2021-12-05
-0.1439916716,2021-12-05
-0.1691578724,2021-12-10
-0.1481647016,2021-12-10
-0.1315888669,2021-12-10
-0.1649629484,2021-12-10
-0.1610002367,2021-12-15
-0.172409728,2021-12-15
-0.1182644476,2021-12-15
-0.193582269,2021-12-15
-0.2271435411,2021-12-20
-0.2055931355,2021-12-20
-0.1792789572,2021-12-20
-0.2231770664,2021-12-20
-0.1060347881,2021-12-25
-0.07345736153,2021-12-25
-0.05663284621,2021-12-25
-0.09156551533,2021-12-25
-0.2152241954,2021-12-30
-0.253904773,2021-12-30
-0.170017096,2021-12-30
-0.2680891636,2021-12-30
-0.02283192023,2022-01-09
-0.02906342413,2022-01-09
-0.01116714562,2022-01-09
-0.03091318148,2022-01-09
-0.03704964678,2022-01-14
-0.04967713187,2022-01-14
-0.0301980205,2022-01-14
-0.05524671286,2022-01-14
-0.07434869328,2022-01-24
-0.06410489764,2022-01-24
-0.03620622767,2022-01-24
-0.05466173694,2022-01-24
-0.1619202461,2022-01-29
-0.196785919,2022-01-29
-0.1113837088,2022-01-29
-0.2071797574,2022-01-29
-0.0474416046,2022-02-03
-0.06016553622,2022-02-03
-0.03632755777,2022-02-03
-0.04575004937,2022-02-03
-0.1070098785,2022-02-08
-0.1435471021,2022-02-08
-0.06616811613,2022-02-08
-0.1528173503,2022-02-08
-0.1690582336,2022-02-13
-0.2177525751,2022-02-13
-0.1184625097,2022-02-13
-0.2150724968,2022-02-13
-0.1671708452,2022-02-18
-0.2259351465,2022-02-18
-0.1176214986,2022-02-18
-0.2309792402,2022-02-18
-0.08799573978,2022-02-23
-0.1098243464,2022-02-23
-0.05663170979,2022-02-23
-0.1114070493,2022-02-23
-0.1918050228,2022-02-28
-0.2563217699,2022-02-28
-0.1519062285,2022-02-28
-0.2583932845,2022-02-28
-0.1782567162,2022-03-05
-0.2424967208,2022-03-05
-0.1455124553,2022-03-05
-0.2433404746,2022-03-05
-0.1321201284,2022-03-10
-0.1819917524,2022-03-10
-0.12582136,2022-03-10
-0.2005783961,2022-03-10
-0.1425682591,2022-03-15
-0.1904236757,2022-03-15
-0.1202999724,2022-03-15
-0.1863702293,2022-03-15
-0.1405388968,2022-03-20
-0.1837354039,2022-03-20
-0.1257803652,2022-03-20
-0.1725864882,2022-03-20
-0.1420163061,2022-03-25
-0.1730176857,2022-03-25
-0.1370689377,2022-03-25
-0.1719031405,2022-03-25
-0.1430323062,2022-03-30
-0.1595446012,2022-03-30
-0.1405635792,2022-03-30
-0.1576824922,2022-03-30
-0.1444236764,2022-04-04
-0.1527047117,2022-04-04
-0.1476528102,2022-04-04
-0.153515686,2022-04-04
-0.1383554007,2022-04-09
-0.1440954072,2022-04-09
-0.1412114555,2022-04-09
-0.1448177731,2022-04-09
-0.1285552218,2022-04-14
-0.1391687612,2022-04-14
-0.1251230629,2022-04-14
-0.1373483431,2022-04-14
-0.1268076519,2022-04-19
-0.137560784,2022-04-19
-0.1269041356,2022-04-19
-0.137065527,2022-04-19
-0.1423125353,2022-04-24
-0.153255748,2022-04-24
-0.1405450232,2022-04-24
-0.1533448834,2022-04-24
-0.1291473344,2022-04-29
-0.1274423144,2022-04-29
-0.1320615587,2022-04-29
-0.1296876547,2022-04-29
-0.07898058448,2022-05-04
-0.07559416591,2022-05-04
-0.07197980619,2022-05-04
-0.07640276595,2022-05-04
-0.1035621536,2022-05-09
-0.09686874937,2022-05-09
-0.1085124133,2022-05-09
-0.09929845121,2022-05-09
-0.136442289,2022-05-14
-0.1359672525,2022-05-14
-0.1418256466,2022-05-14
-0.1390528461,2022-05-14
-0.1015440045,2022-05-19
-0.0839369086,2022-05-19
-0.1034851303,2022-05-19
-0.08619829267,2022-05-19
-0.1187122228,2022-05-24
-0.09087969423,2022-05-24
-0.114981032,2022-05-24
-0.09421419107,2022-05-24
-0.1256872284,2022-05-29
-0.1255049563,2022-05-29
-0.1345902504,2022-05-29
-0.1257281372,2022-05-29
-0.1518891363,2022-06-03
-0.1562447751,2022-06-03
-0.1632861571,2022-06-03
-0.1569003623,2022-06-03
-0.1183986687,2022-06-08
-0.1177253639,2022-06-08
-0.1244323653,2022-06-08
-0.118854923,2022-06-08
-0.05611991891,2022-06-13
-0.08784113122,2022-06-13
-0.05106447253,2022-06-13
-0.07434174703,2022-06-13
-0.04901834595,2022-06-18
-0.04627842904,2022-06-18
-0.04462321704,2022-06-18
-0.04565931664,2022-06-18
-0.1389337402,2022-06-23
-0.1402883752,2022-06-23
-0.1541284553,2022-06-23
-0.151145401,2022-06-23
-0.08546261592,2022-06-28
-0.07734702605,2022-06-28
-0.08420116702,2022-06-28
-0.07571207358,2022-06-28
-0.09893746144,2022-07-03
-0.06636831635,2022-07-03
-0.1047995865,2022-07-03
-0.07559424194,2022-07-03
-0.1449362976,2022-07-08
-0.1525408216,2022-07-08
-0.1441935453,2022-07-08
-0.1540569951,2022-07-08
-0.09870985555,2022-07-13
-0.1142549814,2022-07-13
-0.1070487457,2022-07-13
-0.107700312,2022-07-13
-0.07338013786,2022-07-18
-0.111908726,2022-07-18
-0.09433789097,2022-07-18
-0.1138137081,2022-07-18
-0.04543289413,2022-07-23
-0.05313447169,2022-07-23
-0.03347409111,2022-07-23
-0.0611586726,2022-07-23
-0.0661821348,2022-07-28
-0.06336006841,2022-07-28
-0.04027444044,2022-07-28
-0.04897046153,2022-07-28
-0.1399181415,2022-08-02
-0.1606287381,2022-08-02
-0.1295171269,2022-08-02
-0.1393076535,2022-08-02
-0.01484711037,2022-08-07
-0.0180364481,2022-08-07
-0.01555985377,2022-08-07
-0.01818301945,2022-08-07
-0.1552125062,2022-08-12
-0.2271378018,2022-08-12
-0.1545358114,2022-08-12
-0.2162365347,2022-08-12
-0.1212615171,2022-08-17
-0.1973244331,2022-08-17
-0.1286544377,2022-08-17
-0.1917400532,2022-08-17
-0.09450965556,2022-08-22
-0.1646345772,2022-08-22
-0.09013887908,2022-08-22
-0.1604131946,2022-08-22
-0.1563599417,2022-08-27
-0.213122765,2022-08-27
-0.1536976552,2022-08-27
-0.1825316094,2022-08-27
-0.1256544386,2022-09-01
-0.1892102235,2022-09-01
-0.1201133575,2022-09-01
-0.1775637152,2022-09-01
-0.1281495766,2022-09-06
-0.184545534,2022-09-06
-0.1304430305,2022-09-06
-0.1661339145,2022-09-06
-0.1172327769,2022-09-11
-0.1905528121,2022-09-11
-0.1090014491,2022-09-11
-0.1875971585,2022-09-11
-0.009166974703,2022-09-16
0.008634937174,2022-09-16
0.01182771758,2022-09-16
0.008580893807,2022-09-16
-0.09387251435,2022-09-21
-0.1810857889,2022-09-21
-0.07588773714,2022-09-21
-0.1554185829,2022-09-21
-0.06095813768,2022-09-26
-0.1477458602,2022-09-26
-0.06930562614,2022-09-26
-0.1512079931,2022-09-26
-0.1422466208,2022-10-01
-0.187489231,2022-10-01
-0.1363899486,2022-10-01
-0.1776397352,2022-10-01
-0.1273005409,2022-10-06
-0.1849467961,2022-10-06
-0.107784321,2022-10-06
-0.1743420705,2022-10-06
-0.07919145325,2022-10-11
-0.04963198896,2022-10-11
-0.06621337554,2022-10-11
-0.06004008549,2022-10-11
-0.1441392689,2022-10-16
-0.1831825098,2022-10-16
-0.1397900659,2022-10-16
-0.16712527,2022-10-16
-0.1412711057,2022-10-21
-0.1550147181,2022-10-21
-0.1380908948,2022-10-21
-0.1445233339,2022-10-21
-0.09992783434,2022-10-26
-0.1043773639,2022-10-26
-0.0974148061,2022-10-26
-0.09684327007,2022-10-26
-0.03685419353,2022-10-31
-0.0356793637,2022-10-31
-0.04475644033,2022-10-31
-0.03461131269,2022-10-31
-0.04150808173,2022-11-05
-0.02678739731,2022-11-05
-0.04101969203,2022-11-05
-0.02488442687,2022-11-05
-0.04870962533,2022-11-10
-0.0273205099,2022-11-10
-0.04871801557,2022-11-10
-0.0257521252,2022-11-10
-0.07286631792,2022-11-15
-0.031369787,2022-11-15
-0.06588217693,2022-11-15
-0.02159664992,2022-11-15
-0.1058115943,2022-11-20
-0.0881087768,2022-11-20
-0.100768159,2022-11-20
-0.09134013573,2022-11-20
-0.1223175848,2022-11-25
-0.1019453615,2022-11-25
-0.1073382262,2022-11-25
-0.1017024377,2022-11-25
-0.09195254352,2022-11-30
-0.07538857526,2022-11-30
-0.06859226241,2022-11-30
-0.07375763845,2022-11-30
-0.1158642347,2022-12-05
-0.09845143995,2022-12-05
-0.08736589219,2022-12-05
-0.1057024994,2022-12-05
-0.1216578067,2022-12-10
-0.1040764339,2022-12-10
-0.08171693502,2022-12-10
-0.109130128,2022-12-10
-0.1520887871,2022-12-15
-0.142485819,2022-12-15
-0.1095117035,2022-12-15
-0.1486226595,2022-12-15
-0.07001088148,2022-12-20
-0.05339905463,2022-12-20
-0.07092935323,2022-12-20
-0.06367459738,2022-12-20
-0.0510424453,2022-12-25
-0.05148589833,2022-12-25
-0.04747924871,2022-12-25
-0.06248144072,2022-12-25
-0.05709643462,2022-12-30
-0.05133531604,2022-12-30
-0.03235403883,2022-12-30
-0.05487057644,2022-12-30