NDVI,date
0.2613141823,2018-01-10
0.2999478338,2018-01-10
0.1680270351,2018-01-10
0.3088931974,2018-01-10
0.2486592158,2018-01-15
0.3117442571,2018-01-15
0.1539313922,2018-01-15
0.3211514725,2018-01-15
0.2666464055,2018-01-20
0.3310087758,2018-01-20
0.1632896421,2018-01-20
0.3366803946,2018-01-20
0.2736074254,2018-01-30
0.3320331866,2018-01-30
0.1719928473,2018-01-30
0.3366187404,2018-01-30
0.2755866362,2018-02-09
0.3659404853,2018-02-09
0.1727655095,2018-02-09
0.3769766091,2018-02-09
0.3140989087,2018-02-14
0.422662733,2018-02-14
0.2057622661,2018-02-14
0.429581343,2018-02-14
0.288806916,2018-02-19
0.3825179471,2018-02-19
0.1789864313,2018-02-19
0.3872525589,2018-02-19
0.1764435155,2018-02-24
0.2510427363,2018-02-24
0.08717737226,2018-02-24
0.2252227605,2018-02-24
0.1704133051,2018-03-01
0.2248470086,2018-03-01
0.1046801269,2018-03-01
0.2753450214,2018-03-01
0.2856249256,2018-03-06
0.4108247853,2018-03-06
0.2008951199,2018-03-06
0.41002229,2018-03-06
0.1606672481,2018-03-11
0.3763170652,2018-03-11
0.1862154991,2018-03-11
0.3749754859,2018-03-11
0.2075780268,2018-03-16
0.3101754969,2018-03-16
0.1334956296,2018-03-16
0.3037822023,2018-03-16
0.2004997135,2018-03-26
0.2712720937,2018-03-26
0.1776431472,2018-03-26
0.2704216993,2018-03-26
0.1706600889,2018-03-31
0.1981110184,2018-03-31
0.164345957,2018-03-31
0.2024445462,2018-03-31
0.1029692802,2018-04-05
0.1053381718,2018-04-05
0.1195571073,2018-04-05
0.1109274983,2018-04-05
0.1210532503,2018-04-10
0.110044246,2018-04-10
0.1412337176,2018-04-10
0.1229290743,2018-04-10
0.1343728491,2018-04-15
0.1302411331,2018-04-15
0.1583271937,2018-04-15
0.1403984158,2018-04-15
0.1205156353,2018-04-20
0.1089347108,2018-04-20
0.1403726061,2018-04-20
0.11709732,2018-04-20
0.1495777841,2018-04-25
0.132354326,2018-04-25
0.1771092451,2018-04-25
0.1438015424,2018-04-25
0.1316743684,2018-04-30
0.1129067096,2018-04-30
0.1561279227,2018-04-30
0.1270173007,2018-04-30
0.1254756653,2018-05-05
0.106570142,2018-05-05
0.15263088,2018-05-05
0.1220383698,2018-05-05
0.1357000306,2018-05-10
0.1152988209,2018-05-10
0.1683799811,2018-05-10
0.1225302304,2018-05-10
0.07751848507,2018-05-15
0.06057491913,2018-05-15
0.1008462104,2018-05-15
0.06856667339,2018-05-15
0.08226087346,2018-05-20
0.09927364997,2018-05-20
0.1210638424,2018-05-20
0.1136099073,2018-05-20
0.1417498918,2018-05-25
0.1432563134,2018-05-25
0.1714701081,2018-05-25
0.1533122534,2018-05-25
0.07155583718,2018-05-30
0.06163804827,2018-05-30
0.08892988517,2018-05-30
0.08231401655,2018-05-30
0.08321298973,2018-06-04
0.08820639197,2018-06-04
0.1024571523,2018-06-04
0.09360319195,2018-06-04
0.06130168258,2018-06-09
0.05567461225,2018-06-09
0.08575810982,2018-06-09
0.05393571047,2018-06-09
0.06428558456,2018-06-14
0.07179883844,2018-06-14
0.07057637792,2018-06-14
0.07384867074,2018-06-14
0.1278393957,2018-06-19
0.135624332,2018-06-19
0.1490734224,2018-06-19
0.1384260917,2018-06-19
0.1128515319,2018-06-24
0.1268253226,2018-06-24
0.1154074168,2018-06-24
0.131257894,2018-06-24
0.02970958361,2018-06-29
0.01921562411,2018-06-29
0.007449886265,2018-06-29
0.01158825844,2018-06-29
0.005602853467,2018-07-04
4.80E-04,2018-07-04
0.06476123499,2018-07-04
0.002412206638,2018-07-04
0.1516004587,2018-07-09
0.1583505535,2018-07-09
0.1720525022,2018-07-09
0.1678779229,2018-07-09
0.05086692812,2018-07-14
0.09936390608,2018-07-14
0.03574242885,2018-07-14
0.06962266546,2018-07-14
0.1572620425,2018-07-19
0.1588997577,2018-07-19
0.1544039695,2018-07-19
0.1897219603,2018-07-19
0.1107436481,2018-07-24
0.2009377241,2018-07-24
0.1300286144,2018-07-24
0.1409749167,2018-07-24
0.2310662391,2018-07-29
0.2804284738,2018-07-29
0.2481343099,2018-07-29
0.2746861599,2018-07-29
0.2230390499,2018-08-03
0.204009255,2018-08-03
0.2170070556,2018-08-03
0.2278697593,2018-08-03
0.1745101095,2018-08-08
0.23246483,2018-08-08
0.1498933941,2018-08-08
0.2338106945,2018-08-08
0.08138593426,2018-08-13
0.08027554433,2018-08-13
0.07464909343,2018-08-13
0.07333172162,2018-08-13
0.1529480517,2018-08-18
0.1358126083,2018-08-18
0.1572807259,2018-08-18
0.2036390323,2018-08-18
0.01416202053,2018-08-23
0.02344634712,2018-08-23
0.04436520999,2018-08-23
0.04198975162,2018-08-23
-0.009183673866,2018-08-28
-4.01E-04,2018-08-28
0.02177088806,2018-08-28
0.009119613072,2018-08-28
-0.009842904483,2018-09-02
-0.003720242105,2018-09-02
-0.001587377108,2018-09-02
-0.002551413966,2018-09-02
0.2809967288,2018-09-07
0.3877050125,2018-09-07
0.2042604283,2018-09-07
0.3815994188,2018-09-07
0.2447841108,2018-09-12
0.4169710292,2018-09-12
0.2932540244,2018-09-12
0.4044988568,2018-09-12
0.2530544069,2018-09-17
0.3690380433,2018-09-17
0.2684623911,2018-09-17
0.3534324929,2018-09-17
-0.02061125148,2018-09-22
-0.03457247816,2018-09-22
-0.02973663314,2018-09-22
-0.03886423607,2018-09-22
0.2958830473,2018-09-27
0.3804198737,2018-09-27
0.299723542,2018-09-27
0.3608064614,2018-09-27
0.2866182175,2018-10-02
0.3547738645,2018-10-02
0.3016174884,2018-10-02
0.3350479601,2018-10-02
0.2550620875,2018-10-07
0.3158644474,2018-10-07
0.2733682775,2018-10-07
0.2952119157,2018-10-07
0.2492801839,2018-10-12
0.3083815598,2018-10-12
0.2723605966,2018-10-12
0.2941057944,2018-10-12
0.2262319255,2018-10-17
0.2496345934,2018-10-17
0.2384488303,2018-10-17
0.2343462341,2018-10-17
0.215689368,2018-10-22
0.2331383934,2018-10-22
0.2381741966,2018-10-22
0.2244012248,2018-10-22
0.1286292367,2018-10-27
0.129133047,2018-10-27
0.1300292982,2018-10-27
0.1279399453,2018-10-27
0.1095300251,2018-11-01
0.1038354224,2018-11-01
0.1074440183,2018-11-01
0.1228064648,2018-11-01
0.2273432076,2018-11-06
0.2118693165,2018-11-06
0.2302405426,2018-11-06
0.2215405598,2018-11-06
0.1673379313,2018-11-11
0.1039494075,2018-11-11
0.1488474357,2018-11-11
0.1099452062,2018-11-11
0.2373623085,2018-11-16
0.1867643858,2018-11-16
0.2294356976,2018-11-16
0.2062299271,2018-11-16
0.2003443731,2018-11-21
0.1521184819,2018-11-21
0.1805199742,2018-11-21
0.1712447702,2018-11-21
0.2126102959,2018-11-26
0.1515021331,2018-11-26
0.1825546052,2018-11-26
0.1668872193,2018-11-26
0.2376956459,2018-12-01
0.1734937071,2018-12-01
0.1974409603,2018-12-01
0.1916330231,2018-12-01
0.1792135597,2018-12-06
0.1525995761,2018-12-06
0.1236285413,2018-12-06
0.1727847085,2018-12-06
0.06152352385,2018-12-11
0.04657719977,2018-12-11
0.01821599404,2018-12-11
0.06228371177,2018-12-11
0.2727493389,2018-12-16
0.2518429527,2018-12-16
0.1969930362,2018-12-16
0.2660756452,2018-12-16
0.234586507,2018-12-21
0.2295274646,2018-12-21
0.1563344041,2018-12-21
0.2431848247,2018-12-21
0.2403912258,2018-12-26
0.2543011442,2018-12-26
0.150792571,2018-12-26
0.2628889944,2018-12-26
0.2308777693,2018-12-31
0.2570411632,2018-12-31
0.1458759893,2018-12-31
0.2748147778,2018-12-31
0.1635177714,2019-01-05
0.1609331133,2019-01-05
0.09364929316,2019-01-05
0.176554888,2019-01-05
0.2549611266,2019-01-10
0.2844081243,2019-01-10
0.167830408,2019-01-10
0.2768742008,2019-01-10
0.1075843659,2019-01-15
0.1229242219,2019-01-15
0.08350490689,2019-01-15
0.1398276376,2019-01-15
0.2541298065,2019-01-20
0.3067773938,2019-01-20
0.1477103945,2019-01-20
0.3194499475,2019-01-20
0.173205364,2019-01-25
0.2079183698,2019-01-25
0.1464058938,2019-01-25
0.2296478599,2019-01-25
0.2291217341,2019-01-30
0.2537209785,2019-01-30
0.137831375,2019-01-30
0.2584666424,2019-01-30
0.1318450195,2019-02-04
0.1733930697,2019-02-04
0.1739352504,2019-02-04
0.2496021021,2019-02-04
0.3306949649,2019-02-09
0.4256357401,2019-02-09
0.2313195917,2019-02-09
0.4362223844,2019-02-09
0.007773389224,2019-02-14
0.01169158322,2019-02-14
0.007309487306,2019-02-14
0.01193368052,2019-02-14
0.2100249416,2019-02-19
0.1156714942,2019-02-19
0.1206164926,2019-02-19
0.1088338418,2019-02-19
0.3175681773,2019-02-24
0.4347905319,2019-02-24
0.2168098249,2019-02-24
0.4041929457,2019-02-24
0.3323533278,2019-03-01
0.4469872685,2019-03-01
0.2476324091,2019-03-01
0.4529642874,2019-03-01
0.318354753,2019-03-06
0.4380426776,2019-03-06
0.2395039109,2019-03-06
0.4414310342,2019-03-06
0.2508667972,2019-03-11
0.3505631291,2019-03-11
0.1894764053,2019-03-11
0.3466423035,2019-03-11
0.289214535,2019-03-16
0.3903085065,2019-03-16
0.2323425346,2019-03-16
0.3955760951,2019-03-16
0.2369999665,2019-03-21
0.3063014446,2019-03-21
0.1808003907,2019-03-21
0.3137486896,2019-03-21
0.2667590118,2019-03-26
0.3741684632,2019-03-26
0.2305280382,2019-03-26
0.3728419146,2019-03-26
0.2550297641,2019-03-31
0.34601906,2019-03-31
0.2292607093,2019-03-31
0.3456639238,2019-03-31
0.1800206861,2019-04-05
0.230102305,2019-04-05
0.1739615707,2019-04-05
0.2302667674,2019-04-05
0.1768757918,2019-04-10
0.2047132577,2019-04-10
0.1944288073,2019-04-10
0.2092641672,2019-04-10
0.1722270203,2019-04-15
0.1846222424,2019-04-15
0.1980396648,2019-04-15
0.189809981,2019-04-15
0.1634245137,2019-04-20
0.1531743917,2019-04-20
0.1808885415,2019-04-20
0.1467140144,2019-04-20
0.128509315,2019-04-25
0.125793636,2019-04-25
0.1457404522,2019-04-25
0.1289796585,2019-04-25
0.1423186758,2019-04-30
0.1371272553,2019-04-30
0.1665464748,2019-04-30
0.1431344633,2019-04-30
0.1741671628,2019-05-05
0.1616076613,2019-05-05
0.2064397069,2019-05-05
0.1692284998,2019-05-05
0.1315212724,2019-05-10
0.1163268034,2019-05-10
0.1582708238,2019-05-10
0.1232385064,2019-05-10
0.04292292961,2019-05-15
0.02213269317,2019-05-15
0.05419012419,2019-05-15
0.02360864179,2019-05-15
0.1577882117,2019-05-20
0.1365996124,2019-05-20
0.1980665296,2019-05-20
0.1429930895,2019-05-20
0.1776582454,2019-05-25
0.161003609,2019-05-25
0.2186153089,2019-05-25
0.1666837174,2019-05-25
0.1620533057,2019-05-30
0.1490195245,2019-05-30
0.1933451985,2019-05-30
0.1542808966,2019-05-30
0.1285545664,2019-06-04
0.1164354293,2019-06-04
0.1562880116,2019-06-04
0.1233057105,2019-06-04
0.1463133897,2019-06-09
0.1375164174,2019-06-09
0.1709306276,2019-06-09
0.1482734918,2019-06-09
0.1526626559,2019-06-14
0.14493153,2019-06-14
0.181535329,2019-06-14
0.1523726151,2019-06-14
0.145140018,2019-06-19
0.1599476871,2019-06-19
0.1697205005,2019-06-19
0.1713874488,2019-06-19
0.001404524371,2019-06-24
-0.009030774333,2019-06-24
0.001455739731,2019-06-24
0.002982566709,2019-06-24
0.1315218508,2019-06-29
0.1409725002,2019-06-29
0.1618160625,2019-06-29
0.1541389957,2019-06-29
-0.01109733271,2019-07-04
-0.01752812322,2019-07-04
0.009889292687,2019-07-04
1.86E-04,2019-07-04
0.003125330413,2019-07-09
0.01681298467,2019-07-09
-0.01426073309,2019-07-09
0.00870658052,2019-07-09
0.08411412371,2019-07-14
0.09288381343,2019-07-14
0.09146704505,2019-07-14
0.09604384018,2019-07-14
0.09622585703,2019-07-19
0.04911596899,2019-07-19
0.1059533603,2019-07-19
0.02692645265,2019-07-19
0.06582412744,2019-07-24
0.07162621422,2019-07-24
0.08121335526,2019-07-24
0.0628384206,2019-07-24
0.07542536453,2019-07-29
0.1740726596,2019-07-29
0.07274001392,2019-07-29
0.1894656844,2019-07-29
0.009689190341,2019-08-03
0.005248261901,2019-08-03
0.00670051035,2019-08-03
0.001761908542,2019-08-03
0.3089957662,2019-08-08
0.3380943279,2019-08-08
0.3222562267,2019-08-08
0.3393389625,2019-08-08
0.1093465815,2019-08-13
0.2395508214,2019-08-13
0.06628265939,2019-08-13
0.2340932983,2019-08-13
0.01919141637,2019-08-18
0.003239884562,2019-08-18
0.02009140952,2019-08-18
0.002235487525,2019-08-18
0.2829077241,2019-08-23
0.3268089255,2019-08-23
0.216815345,2019-08-23
0.3095350296,2019-08-23
0.2105379911,2019-08-28
0.2495313162,2019-08-28
0.2248670323,2019-08-28
0.2654254085,2019-08-28
0.2227623597,2019-09-02
0.3280945873,2019-09-02
0.2200527475,2019-09-02
0.3350067973,2019-09-02
0.1939332372,2019-09-07
0.2445380135,2019-09-07
0.15357496,2019-09-07
0.2513705457,2019-09-07
0.1898521188,2019-09-12
0.2208823404,2019-09-12
0.169279506,2019-09-12
0.232973005,2019-09-12
0.1584408309,2019-09-17
0.297370895,2019-09-17
0.1940204583,2019-09-17
0.3295076243,2019-09-17
0.07520416086,2019-09-22
0.137767311,2019-09-22
0.04149824919,2019-09-22
0.07677370098,2019-09-22
0.03779126888,2019-09-27
0.2857380513,2019-09-27
0.05412594165,2019-09-27
0.2903724172,2019-09-27
0.1544022951,2019-10-02
0.2314693711,2019-10-02
0.1390891506,2019-10-02
0.2194135738,2019-10-02
0.1500512021,2019-10-07
0.2282743896,2019-10-07
0.1448041134,2019-10-07
0.2194986383,2019-10-07
0.2147576172,2019-10-12
0.2425163435,2019-10-12
0.2349439389,2019-10-12
0.2343475956,2019-10-12
0.1614407117,2019-10-17
0.1738776723,2019-10-17
0.1767710235,2019-10-17
0.1783762386,2019-10-17
0.1415941883,2019-10-22
0.2303058262,2019-10-22
0.1706291414,2019-10-22
0.2076841823,2019-10-22
0.1715927974,2019-10-27
0.1690223216,2019-10-27
0.1819867557,2019-10-27
0.1620611961,2019-10-27
0.03126660097,2019-11-01
0.04154233869,2019-11-01
0.04072305323,2019-11-01
0.04825984131,2019-11-01
0.1843552035,2019-11-06
0.129518571,2019-11-06
0.1827535251,2019-11-06
0.1193337616,2019-11-06
0.08873611234,2019-11-11
0.07987359449,2019-11-11
0.08117327625,2019-11-11
0.07857590631,2019-11-11
0.1630006323,2019-11-16
0.1372493505,2019-11-16
0.1795101932,2019-11-16
0.1380600131,2019-11-16
0.07964569166,2019-11-21
0.08640297191,2019-11-21
0.0770389422,2019-11-21
0.08151929384,2019-11-21
0.08466996574,2019-11-26
0.03391068371,2019-11-26
0.07393610864,2019-11-26
0.04733301754,2019-11-26
0.1948039497,2019-12-01
0.1541280531,2019-12-01
0.1840906801,2019-12-01
0.1708219343,2019-12-01
0.1529864021,2019-12-06
0.1109131307,2019-12-06
0.1354402,2019-12-06
0.1366638833,2019-12-06
0.04872235704,2019-12-11
0.04512029976,2019-12-11
0.03768198453,2019-12-11
0.05653550308,2019-12-11
0.005072670103,2019-12-16
0.001793187728,2019-12-16
0.002425763452,2019-12-16
7.33E-04,2019-12-16
0.01496017893,2019-12-21
0.006619859796,2019-12-21
0.02009790701,2019-12-21
0.01251061399,2019-12-21
0.03357528059,2019-12-26
0.02682916284,2019-12-26
0.04542212272,2019-12-26
0.0281483172,2019-12-26
0.1306414266,2019-12-31
0.09328038526,2019-12-31
0.1065801709,2019-12-31
0.1161452198,2019-12-31
0.2197907776,2020-01-05
0.2511279618,2020-01-05
0.1534090635,2020-01-05
0.2718028474,2020-01-05
0.2051578377,2020-01-10
0.2953545237,2020-01-10
0.1958400359,2020-01-10
0.3118724643,2020-01-10
0.233471719,2020-01-15
0.3073886861,2020-01-15
0.165895482,2020-01-15
0.3177940139,2020-01-15
0.04064788253,2020-01-20
0.08197507615,2020-01-20
0.04034546054,2020-01-20
0.0730316504,2020-01-20
0.3013591071,2020-01-25
0.3509910585,2020-01-25
0.1983933543,2020-01-25
0.3473808205,2020-01-25
0.2546872282,2020-01-30
0.3946959044,2020-01-30
0.2115099122,2020-01-30
0.4072161427,2020-01-30
0.2439396997,2020-02-04
0.2117395406,2020-02-04
0.1393994831,2020-02-04
0.2388886065,2020-02-04
0.2334855957,2020-02-09
0.3248274386,2020-02-09
0.1692996853,2020-02-09
0.3746351259,2020-02-09
0.3323830221,2020-02-14
0.4220715189,2020-02-14
0.2272325581,2020-02-14
0.436764754,2020-02-14
0.1779858742,2020-02-19
0.3442555957,2020-02-19
0.1288805481,2020-02-19
0.3562914693,2020-02-19
0.2742662211,2020-02-24
0.3776959042,2020-02-24
0.1955138117,2020-02-24
0.4015535723,2020-02-24
0.126129065,2020-02-29
0.09899632838,2020-02-29
0.1189926231,2020-02-29
0.1800206635,2020-02-29
0.2365715906,2020-03-05
0.3068695819,2020-03-05
0.1315681566,2020-03-05
0.270293814,2020-03-05
0.3522056017,2020-03-10
0.4295769661,2020-03-10
0.2702547971,2020-03-10
0.4428479964,2020-03-10
0.26394335,2020-03-15
0.3772138606,2020-03-15
0.1793275445,2020-03-15
0.3867723,2020-03-15
0.2575122082,2020-03-20
0.3198789496,2020-03-20
0.1979010928,2020-03-20
0.3265274226,2020-03-20
0.3175500432,2020-03-25
0.3702268616,2020-03-25
0.2782264377,2020-03-25
0.3783929566,2020-03-25
0.2996783753,2020-03-30
0.3619368886,2020-03-30
0.2866811477,2020-03-30
0.3637828902,2020-03-30
0.2592552599,2020-04-04
0.2999627651,2020-04-04
0.2674039158,2020-04-04
0.2970281302,2020-04-04
0.1972439595,2020-04-09
0.2242373941,2020-04-09
0.2060562099,2020-04-09
0.222852085,2020-04-09
0.08860075536,2020-04-14
0.1622612932,2020-04-14
0.1233550897,2020-04-14
0.1734252471,2020-04-14
0.2002923897,2020-04-19
0.1919575995,2020-04-19
0.2389569447,2020-04-19
0.1969535959,2020-04-19
0.179841146,2020-04-24
0.1704333008,2020-04-24
0.2207602276,2020-04-24
0.1749559553,2020-04-24
0.1690457988,2020-04-29
0.1477995256,2020-04-29
0.2058876487,2020-04-29
0.1508996343,2020-04-29
0.122887716,2020-05-04
0.1591941978,2020-05-04
0.1487527942,2020-05-04
0.1750031145,2020-05-04
0.1586263533,2020-05-09
0.1433732222,2020-05-09
0.1942852665,2020-05-09
0.1502608412,2020-05-09
0.1448363039,2020-05-14
0.124420155,2020-05-14
0.1775266932,2020-05-14
0.1292607375,2020-05-14
0.156566707,2020-05-24
0.1378955018,2020-05-24
0.1902953537,2020-05-24
0.1455952628,2020-05-24
0.05923939359,2020-05-29
0.08365991466,2020-05-29
0.08152473424,2020-05-29
0.0899572098,2020-05-29
0.1526042287,2020-06-03
0.1735167508,2020-06-03
0.1914539097,2020-06-03
0.1808794853,2020-06-03
0.1783754731,2020-06-08
0.1921606837,2020-06-08
0.2210445426,2020-06-08
0.2010922035,2020-06-08
0.1040688501,2020-06-13
0.1061989782,2020-06-13
0.1474201313,2020-06-13
0.1178423255,2020-06-13
0.1862874732,2020-06-18
0.2164499915,2020-06-18
0.2266189942,2020-06-18
0.2192881711,2020-06-18
0.1538794498,2020-06-23
0.08771921896,2020-06-23
0.1628990887,2020-06-23
0.08904103329,2020-06-23
0.1546319312,2020-06-28
0.1247912309,2020-06-28
0.1901316707,2020-06-28
0.1695846827,2020-06-28
0.1532593006,2020-07-03
0.1674538948,2020-07-03
0.1646797886,2020-07-03
0.1648700263,2020-07-03
0.009656505232,2020-07-08
0.01745916802,2020-07-08
-2.73E-04,2020-07-08
0.006693065617,2020-07-08
0.2583883146,2020-07-13
0.277056764,2020-07-13
0.2540555133,2020-07-13
0.2655146131,2020-07-13
0.02963273251,2020-07-18
0.01905512088,2020-07-18
0.03879148203,2020-07-18
0.02201701979,2020-07-18
0.1964425335,2020-07-23
0.2461872342,2020-07-23
0.1954222179,2020-07-23
0.2338101048,2020-07-23
0.2748749436,2020-07-28
0.316722469,2020-07-28
0.2642358874,2020-07-28
0.3106181702,2020-07-28
0.2988157392,2020-08-02
0.3359552421,2020-08-02
0.2909973738,2020-08-02
0.3246433909,2020-08-02
0.2142509584,2020-08-07
0.2484729057,2020-08-07
0.1684570476,2020-08-07
0.2488244312,2020-08-07
0.183421262,2020-08-12
0.2991732908,2020-08-12
0.1261000011,2020-08-12
0.2750266019,2020-08-12
0.06107669603,2020-08-17
0.02349260886,2020-08-17
0.1272720515,2020-08-17
0.04841735695,2020-08-17
0.2693259544,2020-08-22
0.3827783292,2020-08-22
0.2031515601,2020-08-22
0.3774356313,2020-08-22
0.1684318763,2020-08-27
0.2275912496,2020-08-27
0.1984035579,2020-08-27
0.2146004877,2020-08-27
0.1412496289,2020-09-01
0.1853079279,2020-09-01
0.1813437961,2020-09-01
0.2306313092,2020-09-01
0.1629504139,2020-09-06
0.2289484015,2020-09-06
0.1119459184,2020-09-06
0.2295954695,2020-09-06
0.3022851603,2020-09-11
0.3953640693,2020-09-11
0.3164333318,2020-09-11
0.383316809,2020-09-11
0.2508871576,2020-09-16
0.3493003374,2020-09-16
0.2571489081,2020-09-16
0.3470219072,2020-09-16
0.2186779621,2020-09-21
0.3116309778,2020-09-21
0.2402789496,2020-09-21
0.3061002172,2020-09-21
0.1073653403,2020-09-26
0.01862425498,2020-09-26
0.04794013864,2020-09-26
0.02962931866,2020-09-26
0.2568496869,2020-10-01
0.3119459449,2020-10-01
0.2817993435,2020-10-01
0.3010274678,2020-10-01
0.2582024573,2020-10-06
0.3057615133,2020-10-06
0.2860842306,2020-10-06
0.2930122933,2020-10-06
0.1952887353,2020-10-11
0.2364812877,2020-10-11
0.2045841185,2020-10-11
0.2282214539,2020-10-11
0.2048137288,2020-10-16
0.2145940775,2020-10-16
0.230469245,2020-10-16
0.2112815101,2020-10-16
0.207256599,2020-10-21
0.2150386962,2020-10-21
0.239196907,2020-10-21
0.2120767613,2020-10-21
0.1160331149,2020-10-26
0.1164805111,2020-10-26
0.1309559204,2020-10-26
0.1201523801,2020-10-26
0.1773153482,2020-10-31
0.1777114457,2020-10-31
0.1998195821,2020-10-31
0.183842652,2020-10-31
0.1296531162,2020-11-05
0.1332329225,2020-11-05
0.1576717986,2020-11-05
0.1416851186,2020-11-05
0.08601286122,2020-11-10
0.07939245935,2020-11-10
0.0837619487,2020-11-10
0.09515377073,2020-11-10
0.08163195559,2020-11-15
0.04071676577,2020-11-15
0.07886548222,2020-11-15
0.04226688111,2020-11-15
0.1905407273,2020-11-20
0.1550035995,2020-11-20
0.1974250493,2020-11-20
0.1701996953,2020-11-20
0.01868987365,2020-11-25
0.01831754486,2020-11-25
0.02223941715,2020-11-25
0.01513990112,2020-11-25
0.1742078079,2020-11-30
0.1386503995,2020-11-30
0.1644392477,2020-11-30
0.1547634358,2020-11-30
0.1532065233,2020-12-05
0.09203376945,2020-12-05
0.1208624533,2020-12-05
0.1050276711,2020-12-05
0.1714638666,2020-12-10
0.1472530744,2020-12-10
0.1399823545,2020-12-10
0.1649476005,2020-12-10
0.187610126,2020-12-15
0.1837396178,2020-12-15
0.145594346,2020-12-15
0.2032812564,2020-12-15
0.2156785543,2020-12-20
0.2123139017,2020-12-20
0.1632067346,2020-12-20
0.2151972765,2020-12-20
0.2390307147,2020-12-25
0.2573463185,2020-12-25
0.178585524,2020-12-25
0.2653157636,2020-12-25
0.08754730014,2020-12-30
0.0584979432,2020-12-30
0.1101675867,2020-12-30
0.05538691922,2020-12-30
0.2215066156,2021-01-04
0.2665069518,2021-01-04
0.1586570697,2021-01-04
0.2805672348,2021-01-04
0.04730798778,2021-01-09
0.1485141656,2021-01-09
0.02875683654,2021-01-09
0.1480058199,2021-01-09
0.1299462925,2021-01-14
0.02286508639,2021-01-14
0.09003068154,2021-01-14
0.0225702068,2021-01-14
0.04691062368,2021-01-19
0.1743150322,2021-01-19
0.08992453579,2021-01-19
0.2230386316,2021-01-19
0.01116136406,2021-01-24
0.01133862936,2021-01-24
0.008274241699,2021-01-24
0.009486380273,2021-01-24
0.2502104582,2021-01-29
0.2908968737,2021-01-29
0.1551714876,2021-01-29
0.2862168909,2021-01-29
0.2479852818,2021-02-03
0.2745466479,2021-02-03
0.1478426041,2021-02-03
0.285734763,2021-02-03
0.2754927581,2021-02-08
0.3288329465,2021-02-08
0.1732008623,2021-02-08
0.3368691747,2021-02-08
0.07206803285,2021-02-13
0.02981146149,2021-02-13
0.09601453258,2021-02-13
0.03126460769,2021-02-13
0.264493871,2021-02-18
0.338541679,2021-02-18
0.1699900516,2021-02-18
0.3647016229,2021-02-18
0.2901052679,2021-02-23
0.3606203206,2021-02-23
0.2021082081,2021-02-23
0.3659789159,2021-02-23
0.2615487426,2021-02-28
0.3298752279,2021-02-28
0.1900409496,2021-02-28
0.3393066341,2021-02-28
0.3078999087,2021-03-05
0.3921349596,2021-03-05
0.23062421,2021-03-05
0.3956069059,2021-03-05
0.2530895876,2021-03-10
0.3078630495,2021-03-10
0.1780978618,2021-03-10
0.3068153713,2021-03-10
0.2473576214,2021-03-10
0.18224901,2021-03-10
0.1992097669,2021-03-15
0.2383332485,2021-03-15
0.1547499936,2021-03-15
0.2444457935,2021-03-15
0.2239782641,2021-03-20
0.2693573706,2021-03-20
0.1923877197,2021-03-20
0.2782801494,2021-03-20
0.1975382695,2021-03-25
0.2317096544,2021-03-25
0.1906729299,2021-03-25
0.2209978797,2021-03-25
0.2070810311,2021-03-30
0.2083963737,2021-03-30
0.2096975256,2021-03-30
0.2178232721,2021-03-30
0.1910841417,2021-04-04
0.1901929121,2021-04-04
0.2045528092,2021-04-04
0.2021222668,2021-04-04
0.1907900279,2021-04-09
0.1804515234,2021-04-09
0.2142767198,2021-04-09
0.1937412487,2021-04-09
0.1536018071,2021-04-14
0.146891646,2021-04-14
0.1744847607,2021-04-14
0.1585681804,2021-04-14
0.1541252258,2021-04-19
0.1437019489,2021-04-19
0.1808876923,2021-04-19
0.1566942664,2021-04-19
0.1831775845,2021-04-24
0.1647808561,2021-04-24
0.2204151321,2021-04-24
0.1791036731,2021-04-24
0.1215522457,2021-04-29
0.1055471644,2021-04-29
0.1465596634,2021-04-29
0.1190894694,2021-04-29
0.1274823175,2021-05-04
0.06559303689,2021-05-04
0.1414159702,2021-05-04
0.08269245035,2021-05-04
0.1332164408,2021-05-09
0.1086752671,2021-05-09
0.1627599413,2021-05-09
0.1206156771,2021-05-09
0.1331455006,2021-05-14
0.1236543585,2021-05-14
0.168891839,2021-05-14
0.1353823461,2021-05-14
-0.010841354,2021-05-19
-0.006423837574,2021-05-19
-0.01189692184,2021-05-19
-0.009437696768,2021-05-19
0.1967441863,2021-05-24
0.1930407247,2021-05-24
0.2392884331,2021-05-24
0.2031736239,2021-05-24
0.1666726781,2021-05-29
0.1599904245,2021-05-29
0.211179608,2021-05-29
0.162663668,2021-05-29
0.1808000216,2021-06-03
0.1726497176,2021-06-03
0.2196533868,2021-06-03
0.1705979713,2021-06-03
0.184699692,2021-06-08
0.1820969664,2021-06-08
0.2157790898,2021-06-08
0.1786002867,2021-06-08
0.08056737938,2021-06-13
0.172203472,2021-06-13
0.1765145893,2021-06-13
0.1881938064,2021-06-13
0.1337581184,2021-06-18
0.1544496824,2021-06-18
0.1125258342,2021-06-18
0.1277129308,2021-06-18
0.2312386728,2021-06-23
0.2339816221,2021-06-23
0.2320176807,2021-06-23
0.2328098509,2021-06-23
0.1940643533,2021-06-28
0.1776654927,2021-06-28
0.1695014716,2021-06-28
0.1687077279,2021-06-28
0.113809514,2021-07-03
0.1171107524,2021-07-03
0.0817848783,2021-07-03
0.1081794251,2021-07-03
0.2015360509,2021-07-08
0.2052888697,2021-07-08
0.2110839743,2021-07-08
0.201201554,2021-07-08
0.004914887458,2021-07-13
0.005193197921,2021-07-13
0.008150702144,2021-07-13
0.005858785225,2021-07-13
0.05722644464,2021-07-18
0.06097589892,2021-07-18
0.05064084805,2021-07-18
0.05643154571,2021-07-18
0.03625893625,2021-07-23
0.08047668783,2021-07-23
0.04161091415,2021-07-23
0.1074056702,2021-07-23
-0.004759046572,2021-07-28
-0.005123323935,2021-07-28
-0.001528161343,2021-07-28
-0.005396868879,2021-07-28
-0.01287531923,2021-08-02
-0.008666630295,2021-08-02
-0.008882781255,2021-08-02
-0.01861114072,2021-08-02
0.03900097735,2021-08-07
0.015253503,2021-08-07
0.01084217387,2021-08-07
0.008389246089,2021-08-07
0.2818009289,2021-08-12
0.3263875841,2021-08-12
0.2917160917,2021-08-12
0.3181873254,2021-08-12
0.2441118258,2021-08-17
0.3270274333,2021-08-17
0.2542797572,2021-08-17
0.2970541087,2021-08-17
0.02982875123,2021-08-22
0.04916145868,2021-08-22
0.02479059215,2021-08-22
0.02855043735,2021-08-22
0.2767056468,2021-08-27
0.3526258737,2021-08-27
0.2942953196,2021-08-27
0.3408964735,2021-08-27
-0.007012803218,2021-09-01
-0.01031069031,2021-09-01
-0.005043431056,2021-09-01
-0.01086323212,2021-09-01
0.1211651566,2021-09-06
0.06800758834,2021-09-06
0.06995431237,2021-09-06
0.1048862713,2021-09-06
-0.01096541893,2021-09-11
-0.005325975551,2021-09-11
-0.008527108866,2021-09-11
-0.005549670648,2021-09-11
-0.01656827711,2021-09-16
-0.02202041852,2021-09-16
-0.01079067622,2021-09-16
-0.02129693327,2021-09-16
0.1558348801,2021-09-21
0.2029551066,2021-09-21
0.1820065265,2021-09-21
0.1332675375,2021-09-21
0.05804379337,2021-09-26
0.1169494545,2021-09-26
0.03585363952,2021-09-26
0.1104820232,2021-09-26
0.1404941237,2021-10-01
0.1671031561,2021-10-01
0.1318590922,2021-10-01
0.1683879725,2021-10-01
0.222118849,2021-10-06
0.305805204,2021-10-06
0.2214862819,2021-10-06
0.2634026088,2021-10-06
0.2734780692,2021-10-11
0.3200306934,2021-10-11
0.3098025719,2021-10-11
0.3007269153,2021-10-11
0.2072498259,2021-10-16
0.2509749758,2021-10-16
0.231266101,2021-10-16
0.2302558394,2021-10-16
0.2802756987,2021-10-21
0.3109775888,2021-10-21
0.3239725207,2021-10-21
0.2994958177,2021-10-21
0.2580854755,2021-10-26
0.2787033202,2021-10-26
0.3040937094,2021-10-26
0.2709801347,2021-10-26
0.2224302495,2021-10-31
0.2073651252,2021-10-31
0.2493524596,2021-10-31
0.1997636254,2021-10-31
0.08130880111,2021-11-05
0.06983192976,2021-11-05
0.0830931153,2021-11-05
0.06669135963,2021-11-05
0.1552401976,2021-11-10
0.1349160974,2021-11-10
0.165687046,2021-11-10
0.1343729907,2021-11-10
0.1526033092,2021-11-15
0.1060223671,2021-11-15
0.1529875417,2021-11-15
0.1084296725,2021-11-15
0.1113675323,2021-11-20
0.05994972818,2021-11-20
0.07302378852,2021-11-20
0.05958502575,2021-11-20
0.1941822562,2021-11-25
0.1180540072,2021-11-25
0.1628159671,2021-11-25
0.1286597557,2021-11-25
0.1870160567,2021-11-30
0.1383425778,2021-11-30
0.1668583378,2021-11-30
0.1509252851,2021-11-30
0.0776954891,2021-12-05
0.1667604064,2021-12-05
0.05842881943,2021-12-05
0.1914769316,2021-12-05
0.225440503,2021-12-10
0.1900548994,2021-12-10
0.1860538892,2021-12-10
0.2164289733,2021-12-10
0.2130160426,2021-12-15
0.2164075903,2021-12-15
0.1675054287,2021-12-15
0.2482726344,2021-12-15
0.2823122202,2021-12-20
0.2539540313,2021-12-20
0.2298281096,2021-12-20
0.2807995083,2021-12-20
0.1510732255,2021-12-25
0.114391339,2021-12-25
0.0963255202,2021-12-25
0.1383022542,2021-12-25
0.2713566531,2021-12-30
0.3129909128,2021-12-30
0.2192272272,2021-12-30
0.3342518665,2021-12-30
0.002750378815,2022-01-09
0.004459305171,2022-01-09
-0.01287952675,2022-01-09
0.004851526554,2022-01-09
0.01467489699,2022-01-14
0.01032251041,2022-01-14
0.01609085935,2022-01-14
0.01743141785,2022-01-14
0.08275507106,2022-01-24
0.04277217097,2022-01-24
0.03270106563,2022-01-24
0.02998729203,2022-01-24
0.2017002208,2022-01-29
0.244075975,2022-01-29
0.1400391907,2022-01-29
0.2560337744,2022-01-29
0.02359414667,2022-02-03
0.04702163254,2022-02-03
0.005287318646,2022-02-03
0.02011588365,2022-02-03
0.1381271544,2022-02-08
0.1816261519,2022-02-08
0.090020806,2022-02-08
0.1921706203,2022-02-08
0.198193715,2022-02-13
0.2576391619,2022-02-13
0.1400933294,2022-02-13
0.2553321878,2022-02-13
0.1938006095,2022-02-18
0.2628748242,2022-02-18
0.1377706747,2022-02-18
0.2688865023,2022-02-18
0.1033788696,2022-02-23
0.1266575041,2022-02-23
0.06763921574,2022-02-23
0.1290043862,2022-02-23
0.2149709009,2022-02-28
0.29144927,2022-02-28
0.1726701267,2022-02-28
0.2942867582,2022-02-28
0.2008540988,2022-03-05
0.2785597638,2022-03-05
0.1670212437,2022-03-05
0.2802079989,2022-03-05
0.1477781572,2022-03-10
0.2064972962,2022-03-10
0.1411806488,2022-03-10
0.2272807306,2022-03-10
0.1608102803,2022-03-15
0.2235288484,2022-03-15
0.1392918774,2022-03-15
0.2205028686,2022-03-15
0.1514474605,2022-03-20
0.2100660813,2022-03-20
0.1397608328,2022-03-20
0.2001937105,2022-03-20
0.1483747214,2022-03-25
0.192012015,2022-03-25
0.1487993663,2022-03-25
0.1913140163,2022-03-25
0.140052772,2022-03-30
0.162974807,2022-03-30
0.1467672704,2022-03-30
0.1613632141,2022-03-30
0.1341866943,2022-04-04
0.1422065497,2022-04-04
0.1498990279,2022-04-04
0.1440668984,2022-04-04
0.1234368857,2022-04-09
0.1247340382,2022-04-09
0.1414817897,2022-04-09
0.1273578496,2022-04-09
0.110262374,2022-04-14
0.1109601517,2022-04-14
0.1232216076,2022-04-14
0.1124613226,2022-04-14
0.1065928611,2022-04-19
0.1052371172,2022-04-19
0.1235235645,2022-04-19
0.108655404,2022-04-19
0.1208539285,2022-04-24
0.1186758607,2022-04-24
0.1368069606,2022-04-24
0.1231177539,2022-04-24
0.1086699199,2022-04-29
0.09962343602,2022-04-29
0.1269106804,2022-04-29
0.1048164345,2022-04-29
0.06473042704,2022-05-04
0.05962071592,2022-05-04
0.07106645499,2022-05-04
0.0630781551,2022-05-04
0.09178783705,2022-05-09
0.08446051988,2022-05-09
0.1103365574,2022-05-09
0.08916810766,2022-05-09
0.1179634658,2022-05-14
0.1148622793,2022-05-14
0.1387414854,2022-05-14
0.1218339778,2022-05-14
0.0867358386,2022-05-19
0.07120307556,2022-05-19
0.1013060659,2022-05-19
0.07605976208,2022-05-19
0.1158306723,2022-05-24
0.08902367824,2022-05-24
0.1208612663,2022-05-24
0.0953445738,2022-05-24
0.1137241045,2022-05-29
0.1113555699,2022-05-29
0.1347415872,2022-05-29
0.1151093281,2022-05-29
0.1386862582,2022-06-03
0.1435136486,2022-06-03
0.1657438766,2022-06-03
0.147077333,2022-06-03
0.1030747225,2022-06-08
0.1017218314,2022-06-08
0.1202300709,2022-06-08
0.1044422174,2022-06-08
0.0380157033,2022-06-13
0.07423090368,2022-06-13
0.03466248128,2022-06-13
0.06049708497,2022-06-13
0.03815772826,2022-06-18
0.03268435135,2022-06-18
0.034637167,2022-06-18
0.03118184946,2022-06-18
0.1307371885,2022-06-23
0.1349305661,2022-06-23
0.1601152679,2022-06-23
0.1503076095,2022-06-23
0.08739443571,2022-06-28
0.08500967873,2022-06-28
0.09702278793,2022-06-28
0.0856805188,2022-06-28
0.1111922527,2022-07-03
0.07937279933,2022-07-03
0.1229116164,2022-07-03
0.09017893337,2022-07-03
0.1572085507,2022-07-08
0.1766191119,2022-07-08
0.16366042,2022-07-08
0.1750768452,2022-07-08
0.1105112166,2022-07-13
0.1391963898,2022-07-13
0.1195140579,2022-07-13
0.1306297028,2022-07-13
0.08670982344,2022-07-18
0.1425041408,2022-07-18
0.1148671608,2022-07-18
0.1445642381,2022-07-18
0.05241206406,2022-07-23
0.0697810451,2022-07-23
0.03745324039,2022-07-23
0.07832982334,2022-07-23
0.07726124234,2022-07-28
0.07753045187,2022-07-28
0.04138290213,2022-07-28
0.06061943265,2022-07-28
0.1664671766,2022-08-02
0.198781543,2022-08-02
0.1538329092,2022-08-02
0.172921658,2022-08-02
-9.23E-04,2022-08-07
0.002200635406,2022-08-07
-4.89E-04,2022-08-07
0.002069249712,2022-08-07
0.1815874684,2022-08-12
0.2738122661,2022-08-12
0.18079424,2022-08-12
0.2611857318,2022-08-12
0.1398795817,2022-08-17
0.2398487454,2022-08-17
0.1518987696,2022-08-17
0.2353741661,2022-08-17
0.1074032001,2022-08-22
0.1986036839,2022-08-22
0.104506936,2022-08-22
0.1940683068,2022-08-22
0.1724791291,2022-08-27
0.2501641404,2022-08-27
0.1764856911,2022-08-27
0.2138095107,2022-08-27
0.1420147511,2022-09-01
0.2232851242,2022-09-01
0.144764362,2022-09-01
0.2116593378,2022-09-01
0.1371285797,2022-09-06
0.208640646,2022-09-06
0.1476465851,2022-09-06
0.1883463423,2022-09-06
0.1315234949,2022-09-11
0.2205432163,2022-09-11
0.1309925593,2022-09-11
0.2191041073,2022-09-11
-0.004353487258,2022-09-16
-0.02295280055,2022-09-16
-0.03022691168,2022-09-16
-0.02367100978,2022-09-16
0.1136680516,2022-09-21
0.2196980592,2022-09-21
0.09286448513,2022-09-21
0.1873850178,2022-09-21
0.07526212179,2022-09-26
0.1811907781,2022-09-26
0.08774998784,2022-09-26
0.1889110277,2022-09-26
0.1683579792,2022-10-01
0.2253485297,2022-10-01
0.1670772784,2022-10-01
0.2141103601,2022-10-01
0.1402177599,2022-10-06
0.2137849763,2022-10-06
0.1228708178,2022-10-06
0.202572369,2022-10-06
0.100753371,2022-10-11
0.06242531274,2022-10-11
0.08745469356,2022-10-11
0.08967327313,2022-10-11
0.1675908063,2022-10-16
0.2100336966,2022-10-16
0.1710065717,2022-10-16
0.1944393011,2022-10-16
0.1559999983,2022-10-21
0.1712330969,2022-10-21
0.1624357811,2022-10-21
0.1620496221,2022-10-21
0.1186017106,2022-10-26
0.1226696171,2022-10-26
0.1258084142,2022-10-26
0.1173581232,2022-10-26
0.05844149214,2022-10-31
0.05653234754,2022-10-31
0.07340647365,2022-10-31
0.05766281354,2022-10-31
0.06136870476,2022-11-05
0.04477423105,2022-11-05
0.0677001105,2022-11-05
0.04484756635,2022-11-05
0.06692800429,2022-11-10
0.0505946018,2022-11-10
0.07648652865,2022-11-10
0.04455746626,2022-11-10
0.09080219296,2022-11-15
0.05415332691,2022-11-15
0.08638974688,2022-11-15
0.04899158591,2022-11-15
0.1240818141,2022-11-20
0.09667922515,2022-11-20
0.1247957488,2022-11-20
0.1044689021,2022-11-20
0.1404580635,2022-11-25
0.1109170801,2022-11-25
0.1294576922,2022-11-25
0.1151758314,2022-11-25
0.1165035222,2022-11-30
0.09257710116,2022-11-30
0.09377843029,2022-11-30
0.09452322195,2022-11-30
0.1401638253,2022-12-05
0.1154628793,2022-12-05
0.1103950677,2022-12-05
0.1268696646,2022-12-05
0.1488012569,2022-12-10
0.1262401883,2022-12-10
0.1059100557,2022-12-10
0.1351609828,2022-12-10
0.1765461972,2022-12-15
0.1638013445,2022-12-15
0.130169785,2022-12-15
0.1736938767,2022-12-15
0.06635798819,2022-12-20
0.04355444162,2022-12-20
0.08055118727,2022-12-20
0.06115456144,2022-12-20
0.0364709641,2022-12-25
0.04234704274,2022-12-25
0.05390179962,2022-12-25
0.06297535692,2022-12-25
0.06760516466,2022-12-30
0.04678438061,2022-12-30
0.04437778263,2022-12-30
0.05024461908,2022-12-30