SSC,date
0.6231938012,2018-01-10
0.571202333,2018-01-10
0.7350927606,2018-01-10
0.5571193873,2018-01-10
0.6377440578,2018-01-15
0.5594763642,2018-01-15
0.75411667,2018-01-15
0.5448265345,2018-01-15
0.618868585,2018-01-20
0.5411006914,2018-01-20
0.7424758524,2018-01-20
0.5295376984,2018-01-20
0.6078651924,2018-01-30
0.5336040808,2018-01-30
0.7284941604,2018-01-30
0.5241959756,2018-01-30
0.6075078502,2018-02-09
0.5053558907,2018-02-09
0.7299826118,2018-02-09
0.4903029751,2018-02-09
0.5687074507,2018-02-14
0.4563933209,2018-02-14
0.6900338158,2018-02-14
0.4460035026,2018-02-14
0.5938907729,2018-02-19
0.4885956714,2018-02-19
0.7223010665,2018-02-19
0.4790695851,2018-02-19
0.7242155712,2018-02-24
0.6220796274,2018-02-24
0.8502364609,2018-02-24
0.6480580121,2018-02-24
0.7255788438,2018-03-01
0.6430103852,2018-03-01
0.8232930295,2018-03-01
0.5901200268,2018-03-01
0.5971925987,2018-03-06
0.4670348559,2018-03-06
0.6947921585,2018-03-06
0.4616321359,2018-03-06
0.74151315,2018-03-11
0.4953256107,2018-03-11
0.7118106199,2018-03-11
0.4916587961,2018-03-11
0.6826215151,2018-03-16
0.5555014413,2018-03-16
0.7825282937,2018-03-16
0.5577101213,2018-03-16
0.6811364886,2018-03-26
0.5898819856,2018-03-26
0.7126302589,2018-03-26
0.5889575648,2018-03-26
0.7202251206,2018-03-31
0.6791747817,2018-03-31
0.7312229253,2018-03-31
0.6733997343,2018-03-31
0.8176882658,2018-04-05
0.8119068648,2018-04-05
0.7938270421,2018-04-05
0.8036037452,2018-04-05
0.791978417,2018-04-10
0.8056580824,2018-04-10
0.7648124916,2018-04-10
0.786978096,2018-04-10
0.7711809452,2018-04-15
0.7746050867,2018-04-15
0.7387584967,2018-04-15
0.7607369917,2018-04-15
0.7909062162,2018-04-20
0.8063143343,2018-04-20
0.7630553429,2018-04-20
0.7943183394,2018-04-20
0.7493960432,2018-04-25
0.7714653853,2018-04-25
0.7132267263,2018-04-25
0.7556330156,2018-04-25
0.7760864533,2018-04-30
0.801644314,2018-04-30
0.7421521965,2018-04-30
0.7815910496,2018-04-30
0.785867135,2018-05-05
0.8127826597,2018-05-05
0.747581159,2018-05-05
0.7907745481,2018-05-05
0.771314643,2018-05-10
0.7991342408,2018-05-10
0.7268300404,2018-05-10
0.7894218487,2018-05-10
0.8590926708,2018-05-15
0.8871973239,2018-05-15
0.8217171619,2018-05-15
0.8740440698,2018-05-15
0.8543421396,2018-05-20
0.8241425153,2018-05-20
0.7911918352,2018-05-20
0.8019791687,2018-05-20
0.7628942323,2018-05-25
0.7600727056,2018-05-25
0.722668549,2018-05-25
0.7475293645,2018-05-25
0.8696794317,2018-05-30
0.8869595014,2018-05-30
0.8413426353,2018-05-30
0.8516802038,2018-05-30
0.8507559984,2018-06-04
0.841749768,2018-06-04
0.8206567337,2018-06-04
0.8338452199,2018-06-04
0.8902080513,2018-06-09
0.8976674253,2018-06-09
0.851178727,2018-06-09
0.9011156673,2018-06-09
0.8804750079,2018-06-14
0.8670105236,2018-06-14
0.8699480829,2018-06-14
0.8636101542,2018-06-14
0.7849521186,2018-06-19
0.772564792,2018-06-19
0.754724888,2018-06-19
0.7690227477,2018-06-19
0.8073473852,2018-06-24
0.7862484354,2018-06-24
0.8033468597,2018-06-24
0.7800210959,2018-06-24
0.9512067204,2018-06-29
0.9689068639,2018-06-29
0.9912896906,2018-06-29
0.9832828774,2018-06-29
0.9907526723,2018-07-04
0.9994221819,2018-07-04
0.8918272439,2018-07-04
0.9960294878,2018-07-04
0.7472111556,2018-07-09
0.7352445582,2018-07-09
0.719880728,2018-07-09
0.7229992653,2018-07-09
0.9129632636,2018-07-14
0.8300247825,2018-07-14
0.9405150396,2018-07-14
0.8823464042,2018-07-14
0.7538158986,2018-07-19
0.7502972815,2018-07-19
0.7608335719,2018-07-19
0.7091154832,2018-07-19
0.8217434036,2018-07-24
0.6855049944,2018-07-24
0.7994051209,2018-07-24
0.7651583409,2018-07-24
0.6391088133,2018-07-29
0.5754350527,2018-07-29
0.6220678135,2018-07-29
0.5838330233,2018-07-29
0.6467438556,2018-08-03
0.6683546082,2018-08-03
0.6595902268,2018-08-03
0.6374055456,2018-08-03
0.7266584753,2018-08-08
0.6445495257,2018-08-08
0.7620734399,2018-08-08
0.6427520399,2018-08-08
0.8527255004,2018-08-13
0.8524980945,2018-08-13
0.8675724293,2018-08-13
0.8643896227,2018-08-13
0.768706452,2018-08-18
0.7882672326,2018-08-18
0.7658840933,2018-08-18
0.6942820287,2018-08-18
0.9727898853,2018-08-23
0.9546173045,2018-08-23
0.9216754686,2018-08-23
0.9205993953,2018-08-23
1.021009553,2018-08-28
1.000970606,2018-08-28
0.9705494352,2018-08-28
0.9823978666,2018-08-28
1.020196734,2018-09-02
1.007921561,2018-09-02
1.00328308,2018-09-02
1.005454745,2018-09-02
0.5871286525,2018-09-07
0.4577092554,2018-09-07
0.6935600485,2018-09-07
0.4627554956,2018-09-07
0.6318788801,2018-09-12
0.4304122757,2018-09-12
0.5736791883,2018-09-12
0.4420808483,2018-09-12
0.6172154402,2018-09-17
0.4769275551,2018-09-17
0.5995694847,2018-09-17
0.4929148112,2018-09-17
1.042861505,2018-09-22
1.071697601,2018-09-22
1.062034861,2018-09-22
1.081032294,2018-09-22
0.5709090888,2018-09-27
0.4689206123,2018-09-27
0.5688987284,2018-09-27
0.4895941271,2018-09-27
0.5826225461,2018-10-02
0.4983521574,2018-10-02
0.569861768,2018-10-02
0.5193178154,2018-10-02
0.6173081211,2018-10-07
0.5390954436,2018-10-07
0.5988740688,2018-10-07
0.5616349612,2018-10-07
0.6232712784,2018-10-12
0.5489440449,2018-10-12
0.5986879974,2018-10-12
0.5648032743,2018-10-12
0.6517085861,2018-10-17
0.6161746353,2018-10-17
0.6389615007,2018-10-17
0.6345479862,2018-10-17
0.6644714713,2018-10-22
0.6378523041,2018-10-22
0.6404537667,2018-10-22
0.6493479835,2018-10-22
0.7818267061,2018-10-27
0.7785561022,2018-10-27
0.783953319,2018-10-27
0.7809812486,2018-10-27
0.8106166884,2018-11-01
0.8172140441,2018-11-01
0.816309076,2018-11-01
0.7898654654,2018-11-01
0.6482475183,2018-11-06
0.6655242333,2018-11-06
0.6497958465,2018-11-06
0.6567662427,2018-11-06
0.729090902,2018-11-11
0.8180976951,2018-11-11
0.7575764452,2018-11-11
0.8109252657,2018-11-11
0.6417620718,2018-11-16
0.7031388352,2018-11-16
0.6542511006,2018-11-16
0.6822057292,2018-11-16
0.6868356448,2018-11-21
0.7481125441,2018-11-21
0.7138932204,2018-11-21
0.7251405729,2018-11-21
0.6743235697,2018-11-26
0.7485013001,2018-11-26
0.7140674764,2018-11-26
0.7292134567,2018-11-26
0.642692977,2018-12-01
0.7161631915,2018-12-01
0.6928592803,2018-12-01
0.6941311022,2018-12-01
0.7180175662,2018-12-06
0.7434218397,2018-12-06
0.794238413,2018-12-06
0.7167621722,2018-12-06
0.8943168573,2018-12-11
0.9131173939,2018-12-11
0.9689853865,2018-12-11
0.8866601578,2018-12-11
0.6051787447,2018-12-16
0.618121695,2018-12-16
0.6950494696,2018-12-16
0.6008361988,2018-12-16
0.6487513589,2018-12-21
0.6443038909,2018-12-21
0.7481534761,2018-12-21
0.6265007563,2018-12-21
0.6426267941,2018-12-26
0.6175606977,2018-12-26
0.7548726579,2018-12-26
0.6049648039,2018-12-26
0.657139725,2018-12-31
0.6161648845,2018-12-31
0.7654248396,2018-12-31
0.5940927842,2018-12-31
0.7414230409,2019-01-05
0.7382767981,2019-01-05
0.8409103501,2019-01-05
0.7155568249,2019-01-05
0.6257039235,2019-01-10
0.581444338,2019-01-10
0.730360596,2019-01-10
0.5853029019,2019-01-10
0.8082428625,2019-01-15
0.7821342395,2019-01-15
0.8475754645,2019-01-15
0.7569127839,2019-01-15
0.6338033615,2019-01-20
0.5659714453,2019-01-20
0.7645766261,2019-01-20
0.5485264921,2019-01-20
0.7229853596,2019-01-25
0.6759297384,2019-01-25
0.7617717774,2019-01-25
0.6465783749,2019-01-25
0.6489593472,2019-01-30
0.6077011753,2019-01-30
0.7670960677,2019-01-30
0.6006346916,2019-01-30
0.7834573993,2019-02-04
0.7215545921,2019-02-04
0.7267166765,2019-02-04
0.6293079378,2019-02-04
0.5447311983,2019-02-09
0.4466899805,2019-02-09
0.654143925,2019-02-09
0.4323974035,2019-02-09
0.9853980678,2019-02-14
0.9768933937,2019-02-14
0.9861163127,2019-02-14
0.9764181683,2019-02-14
0.6795938788,2019-02-19
0.8058197424,2019-02-19
0.7956744702,2019-02-19
0.8130101848,2019-02-19
0.5593595167,2019-02-24
0.4391966784,2019-02-24
0.6698363829,2019-02-24
0.4596123563,2019-02-24
0.5429654318,2019-03-01
0.4275309081,2019-03-01
0.636386605,2019-03-01
0.41838844,2019-03-01
0.5567068209,2019-03-06
0.4348506758,2019-03-06
0.6450416723,2019-03-06
0.4276732647,2019-03-06
0.6272143667,2019-03-11
0.5093867449,2019-03-11
0.704049394,2019-03-11
0.509742456,2019-03-11
0.5815044295,2019-03-16
0.4673186524,2019-03-16
0.6465734657,2019-03-16
0.4601159608,2019-03-16
0.6404795215,2019-03-21
0.5494399236,2019-03-21
0.7126900194,2019-03-21
0.5393415564,2019-03-21
0.6057769866,2019-03-26
0.4850979986,2019-03-26
0.6502622334,2019-03-26
0.4836140139,2019-03-26
0.6184812532,2019-03-31
0.5123008737,2019-03-31
0.6509545423,2019-03-31
0.5107238785,2019-03-31
0.707945298,2019-04-05
0.6378665567,2019-04-05
0.7186922246,2019-04-05
0.6372518986,2019-04-05
0.7119418532,2019-04-10
0.6700628492,2019-04-10
0.6911751323,2019-04-10
0.6651602171,2019-04-10
0.7197510992,2019-04-15
0.6983921018,2019-04-15
0.6883934474,2019-04-15
0.6928373657,2019-04-15
0.7340473126,2019-04-20
0.745070534,2019-04-20
0.7106220421,2019-04-20
0.7540794298,2019-04-20
0.7798477299,2019-04-25
0.7809549009,2019-04-25
0.7556253383,2019-04-25
0.7768285178,2019-04-25
0.7586284696,2019-04-30
0.7638839808,2019-04-30
0.7256210326,2019-04-30
0.7557108605,2019-04-30
0.7183574358,2019-05-05
0.7322093231,2019-05-05
0.6775348964,2019-05-05
0.7232966731,2019-05-05
0.7752404874,2019-05-10
0.7970588639,2019-05-10
0.7373180906,2019-05-10
0.7869362658,2019-05-10
0.9183777332,2019-05-15
0.9567364629,2019-05-15
0.898832383,2019-05-15
0.9539186327,2019-05-15
0.7426495163,2019-05-20
0.7702556424,2019-05-20
0.6890963005,2019-05-20
0.7623083935,2019-05-20
0.721632662,2019-05-25
0.7418350101,2019-05-25
0.6688588649,2019-05-25
0.7363906876,2019-05-25
0.7360231743,2019-05-30
0.7539087393,2019-05-30
0.6939178232,2019-05-30
0.7482175492,2019-05-30
0.7827068018,2019-06-04
0.7992679155,2019-06-04
0.7433067408,2019-06-04
0.7906367496,2019-06-04
0.7573756905,2019-06-09
0.7688532754,2019-06-09
0.7238205361,2019-06-09
0.7566888315,2019-06-09
0.7494705904,2019-06-14
0.7585663244,2019-06-14
0.7107297232,2019-06-14
0.7497876993,2019-06-14
0.7599846504,2019-06-19
0.738135045,2019-06-19
0.7262791135,2019-06-19
0.7247642284,2019-06-19
0.9999134135,2019-06-24
1.019993844,2019-06-24
1.000059653,2019-06-24
0.9970025056,2019-06-24
0.7794092642,2019-06-29
0.7644262908,2019-06-29
0.7368629218,2019-06-29
0.7475324364,2019-06-29
1.026041541,2019-07-04
1.038182596,2019-07-04
0.9870294231,2019-07-04
1.004646859,2019-07-04
0.9963672398,2019-07-09
0.9691109188,2019-07-09
1.029907654,2019-07-09
0.9844443099,2019-07-09
0.8484133938,2019-07-14
0.8316816053,2019-07-14
0.8373168779,2019-07-14
0.8271213818,2019-07-14
0.8359039616,2019-07-19
0.9104326834,2019-07-19
0.8224372622,2019-07-19
0.951517423,2019-07-19
0.8797458928,2019-07-24
0.867754582,2019-07-24
0.8550882894,2019-07-24
0.8828437161,2019-07-24
0.8795623348,2019-07-29
0.7250382766,2019-07-29
0.8837002336,2019-07-29
0.70904467,2019-07-29
0.981457408,2019-08-03
0.9900380869,2019-08-03
0.9868640049,2019-08-03
0.9965225474,2019-08-03
0.5534578782,2019-08-08
0.5142397636,2019-08-08
0.5503391172,2019-08-08
0.5129097554,2019-08-08
0.813397161,2019-08-13
0.6173737443,2019-08-13
0.8860315512,2019-08-13
0.624574492,2019-08-13
0.9627978264,2019-08-18
0.9937229722,2019-08-18
0.9612692853,2019-08-18
0.9955842385,2019-08-18
0.5918693195,2019-08-23
0.5396178932,2019-08-23
0.6835760731,2019-08-23
0.5588271598,2019-08-23
0.6883649778,2019-08-28
0.6292146015,2019-08-28
0.6763224998,2019-08-28
0.6127081085,2019-08-28
0.6574747071,2019-09-02
0.5324347078,2019-09-02
0.6647578799,2019-09-02
0.5235368016,2019-09-02
0.6868752182,2019-09-07
0.6127500127,2019-09-07
0.7505744374,2019-09-07
0.6052822378,2019-09-07
0.6959454665,2019-09-12
0.6497009852,2019-09-12
0.7262161852,2019-09-12
0.6313067298,2019-09-12
0.7545214508,2019-09-17
0.5597333973,2019-09-17
0.701244774,2019-09-17
0.5226788412,2019-09-17
0.8723450696,2019-09-22
0.7705843666,2019-09-22
0.9267690606,2019-09-22
0.8664459617,2019-09-22
0.9479379554,2019-09-27
0.5942855997,2019-09-27
0.9232104144,2019-09-27
0.5868551146,2019-09-27
0.7596621116,2019-10-02
0.6516421806,2019-10-02
0.7841916043,2019-10-02
0.6677025133,2019-10-02
0.7502799422,2019-10-07
0.6387259374,2019-10-07
0.758083271,2019-10-07
0.6468648613,2019-10-07
0.667013875,2019-10-12
0.6278980528,2019-10-12
0.6429956564,2019-10-12
0.6354490521,2019-10-12
0.7340490949,2019-10-17
0.7117770814,2019-10-17
0.7141602168,2019-10-17
0.7050881595,2019-10-17
0.7640727218,2019-10-22
0.649213383,2019-10-22
0.721729759,2019-10-22
0.6748113116,2019-10-22
0.7216210135,2019-10-27
0.7216292359,2019-10-27
0.7098348406,2019-10-27
0.7309254173,2019-10-27
0.9414133282,2019-11-01
0.9211593198,2019-11-01
0.9251637507,2019-11-01
0.909566826,2019-11-01
0.7074478871,2019-11-06
0.7795976805,2019-11-06
0.7134479635,2019-11-06
0.7958589553,2019-11-06
0.8453122993,2019-11-11
0.8576693797,2019-11-11
0.8595444734,2019-11-11
0.8609695301,2019-11-11
0.7375262575,2019-11-16
0.7713276471,2019-11-16
0.7188922771,2019-11-16
0.7727480332,2019-11-16
0.8582652418,2019-11-21
0.845955733,2019-11-21
0.8626785945,2019-11-21
0.8563502084,2019-11-21
0.852384185,2019-11-26
0.9379771964,2019-11-26
0.8706375191,2019-11-26
0.9141930007,2019-11-26
0.6922876862,2019-12-01
0.7416064711,2019-12-01
0.707805796,2019-12-01
0.7196729116,2019-12-01
0.7488576902,2019-12-06
0.8035201252,2019-12-06
0.7740081106,2019-12-06
0.7658253355,2019-12-06
0.9088733199,2019-12-11
0.9149339197,2019-12-11
0.9288137602,2019-12-11
0.895044977,2019-12-11
0.9899833527,2019-12-16
0.9964796072,2019-12-16
0.9952052555,2019-12-16
0.9985574383,2019-12-16
0.9753325769,2019-12-21
0.9873021797,2019-12-21
0.9675015455,2019-12-21
0.9760973437,2019-12-21
0.9358112133,2019-12-26
0.9479861922,2019-12-26
0.9159762872,2019-12-26
0.9455057119,2019-12-26
0.7797933885,2019-12-31
0.8341845136,2019-12-31
0.8160124604,2019-12-31
0.7997687745,2019-12-31
0.6681672051,2020-01-05
0.622388123,2020-01-05
0.7536803553,2020-01-05
0.5963176457,2020-01-05
0.6836757689,2020-01-10
0.5723225285,2020-01-10
0.696444556,2020-01-10
0.5516124092,2020-01-10
0.650762189,2020-01-15
0.5631309573,2020-01-15
0.738030025,2020-01-15
0.5470836112,2020-01-15
0.9245306362,2020-01-20
0.8545830987,2020-01-20
0.9251646556,2020-01-20
0.8683785162,2020-01-20
0.5788848336,2020-01-25
0.5195232065,2020-01-25
0.6965688202,2020-01-25
0.5155446102,2020-01-25
0.6295764934,2020-01-30
0.4772598565,2020-01-30
0.6807314289,2020-01-30
0.4593100999,2020-01-30
0.6412940468,2020-02-04
0.672408629,2020-02-04
0.7712245807,2020-02-04
0.6368883479,2020-02-04
0.6489704027,2020-02-09
0.5411436303,2020-02-09
0.7335004364,2020-02-09
0.4891174751,2020-02-09
0.5471096048,2020-02-14
0.4557179664,2020-02-14
0.6618397731,2020-02-14
0.4370212058,2020-02-14
0.7178991933,2020-02-19
0.5167792909,2020-02-19
0.7876383612,2020-02-19
0.5028028829,2020-02-19
0.6007106165,2020-02-24
0.484852248,2020-02-24
0.6975132309,2020-02-24
0.459581806,2020-02-24
0.7940242279,2020-02-29
0.835236617,2020-02-29
0.8006969752,2020-02-29
0.7162708393,2020-02-29
0.6473456021,2020-03-05
0.560764187,2020-03-05
0.7864571102,2020-03-05
0.5969767975,2020-03-05
0.518484693,2020-03-10
0.4379147302,2020-03-10
0.6087767245,2020-03-10
0.4231626503,2020-03-10
0.6174123028,2020-03-15
0.4776707639,2020-03-15
0.7229061972,2020-03-15
0.4652876657,2020-03-15
0.6110979839,2020-03-20
0.5302596794,2020-03-20
0.6859319289,2020-03-20
0.5212623649,2020-03-20
0.5482753607,2020-03-25
0.4844028223,2020-03-25
0.5980186407,2020-03-25
0.4750408398,2020-03-25
0.5653142277,2020-03-30
0.4904680063,2020-03-30
0.5863223643,2020-03-30
0.4886281016,2020-03-30
0.6094862883,2020-04-04
0.5551878531,2020-04-04
0.6062522322,2020-04-04
0.5598275967,2020-04-04
0.6838070502,2020-04-09
0.6470583989,2020-04-09
0.6728654016,2020-04-09
0.6482084831,2020-04-09
0.8433712916,2020-04-14
0.7275122976,2020-04-14
0.7886228105,2020-04-14
0.713004957,2020-04-14
0.6856766796,2020-04-19
0.691587384,2020-04-19
0.6417279093,2020-04-19
0.6868196478,2020-04-19
0.7112901784,2020-04-24
0.7196471888,2020-04-24
0.6615597869,2020-04-24
0.7149295157,2020-04-24
0.7266144342,2020-04-29
0.7514230523,2020-04-29
0.6789521355,2020-04-29
0.7478527735,2020-04-29
0.7910691296,2020-05-04
0.7386540509,2020-05-04
0.754072731,2020-05-04
0.7201424583,2020-05-04
0.7391590182,2020-05-09
0.7586738392,2020-05-09
0.6916349629,2020-05-09
0.7504377676,2020-05-09
0.7587331302,2020-05-14
0.7862398104,2020-05-14
0.7135137513,2020-05-14
0.7799746061,2020-05-14
0.7437827593,2020-05-24
0.768972403,2020-05-24
0.6987191153,2020-05-24
0.7596018668,2020-05-24
0.8914489905,2020-05-29
0.8472654336,2020-05-29
0.8541123508,2020-05-29
0.8374536376,2020-05-29
0.7491066719,2020-06-03
0.7186742343,2020-06-03
0.6966154693,2020-06-03
0.7118984561,2020-06-03
0.7148097963,2020-06-08
0.6926119815,2020-06-08
0.6590796493,2020-06-08
0.6831838775,2020-06-08
0.8226354636,2020-06-13
0.8146761335,2020-06-13
0.7537202073,2020-06-13
0.7955802621,2020-06-13
0.7045946402,2020-06-18
0.6638765688,2020-06-18
0.6548562106,2020-06-18
0.6621163871,2020-06-18
0.7546285594,2020-06-23
0.8519307785,2020-06-23
0.7483715627,2020-06-23
0.8492124528,2020-06-23
0.7445971666,2020-06-28
0.784823248,2020-06-28
0.6977304205,2020-06-28
0.721442548,2020-06-28
0.7460241701,2020-07-03
0.7227221857,2020-07-03
0.7330998375,2020-07-03
0.727439165,2020-07-03
0.9872666507,2020-07-08
0.9685192705,2020-07-08
1.004708455,2020-07-08
0.9888238542,2020-07-08
0.6123854755,2020-07-13
0.5864174243,2020-07-13
0.6201284784,2020-07-13
0.6017630462,2020-07-13
0.9430358113,2020-07-18
0.9626392068,2020-07-18
0.926567387,2020-07-18
0.9569623068,2020-07-18
0.6987660037,2020-07-23
0.6279973798,2020-07-23
0.7033884376,2020-07-23
0.64325758,2020-07-23
0.587805675,2020-07-28
0.5332705609,2020-07-28
0.600580355,2020-07-28
0.5401850406,2020-07-28
0.5651200492,2020-08-02
0.5162815354,2020-08-02
0.5815057665,2020-08-02
0.5290895574,2020-08-02
0.6835624976,2020-08-07
0.6343295321,2020-08-07
0.7502316887,2020-08-07
0.6338932492,2020-08-07
0.71464212,2020-08-12
0.5504745574,2020-08-12
0.7968666598,2020-08-12
0.5798820108,2020-08-12
0.8956599021,2020-08-17
0.9543841614,2020-08-17
0.8014497436,2020-08-17
0.9097820457,2020-08-17
0.6214688189,2020-08-22
0.4861922581,2020-08-22
0.7105755504,2020-08-22
0.4933561821,2020-08-22
0.751900507,2020-08-27
0.6650663734,2020-08-27
0.7147989031,2020-08-27
0.6806040394,2020-08-27
0.786863033,2020-09-01
0.7259635825,2020-09-01
0.7367044621,2020-09-01
0.6694383854,2020-09-01
0.7489294241,2020-09-06
0.6540766268,2020-09-06
0.8176697451,2020-09-06
0.6450801448,2020-09-06
0.5640171738,2020-09-11
0.4584651456,2020-09-11
0.5507853375,2020-09-11
0.4680158932,2020-09-11
0.6230367564,2020-09-16
0.5037046477,2020-09-16
0.616178673,2020-09-16
0.5052908952,2020-09-16
0.6644712906,2020-09-21
0.5473550558,2020-09-21
0.6394523131,2020-09-21
0.5509748557,2020-09-21
0.8265466886,2020-09-26
0.9644706543,2020-09-26
0.9180623427,2020-09-26
0.9446021963,2020-09-26
0.6174870598,2020-10-01
0.5484770798,2020-10-01
0.5900833665,2020-10-01
0.5588068569,2020-10-01
0.6165910083,2020-10-06
0.5571856803,2020-10-06
0.5860244287,2020-10-06
0.5696572302,2020-10-06
0.6872420045,2020-10-11
0.6325935298,2020-10-11
0.6749390041,2020-10-11
0.6419071723,2020-10-11
0.6769572678,2020-10-16
0.6602248535,2020-10-16
0.6468956942,2020-10-16
0.6643871342,2020-10-16
0.6735249352,2020-10-21
0.6601091931,2020-10-21
0.6368415232,2020-10-21
0.6647999164,2020-10-21
0.8009649798,2020-10-26
0.797084915,2020-10-26
0.7808734598,2020-10-26
0.7915153437,2020-10-26
0.7133055556,2020-10-31
0.7104531167,2020-10-31
0.6862721112,2020-10-31
0.7037905368,2020-10-31
0.7809797502,2020-11-05
0.773921343,2020-11-05
0.7426063629,2020-11-05
0.7627677664,2020-11-05
0.8494923775,2020-11-10
0.8587146379,2020-11-10
0.854133331,2020-11-10
0.8341207629,2020-11-10
0.8572011007,2020-11-15
0.9243998595,2020-11-15
0.8633098848,2020-11-15
0.9222635889,2020-11-15
0.6989433529,2020-11-20
0.7449896986,2020-11-20
0.6913775502,2020-11-20
0.7260225204,2020-11-20
0.9640511594,2020-11-25
0.9650787129,2020-11-25
0.9581589457,2020-11-25
0.9708422006,2020-11-25
0.7213570908,2020-11-30
0.7665130338,2020-11-30
0.736055249,2020-11-30
0.7449992867,2020-11-30
0.751540173,2020-12-05
0.8367053193,2020-12-05
0.7987871821,2020-12-05
0.8168723274,2020-12-05
0.7249139766,2020-12-10
0.7528161999,2020-12-10
0.7698313517,2020-12-10
0.7285913914,2020-12-10
0.7025985392,2020-12-15
0.7020737811,2020-12-15
0.7593225377,2020-12-15
0.6758917233,2020-12-15
0.6677394353,2020-12-20
0.6651844313,2020-12-20
0.7364535999,2020-12-20
0.6587529831,2020-12-20
0.6425336622,2020-12-25
0.6154091008,2020-12-25
0.7174614197,2020-12-25
0.6035385823,2020-12-25
0.8461432007,2020-12-30
0.8925121417,2020-12-30
0.8132854876,2020-12-30
0.8969240129,2020-12-30
0.6656814144,2021-01-04
0.6059722322,2021-01-04
0.750617871,2021-01-04
0.5875919965,2021-01-04
0.9221576597,2021-01-09
0.7545101289,2021-01-09
0.9533238959,2021-01-09
0.7548503507,2021-01-09
0.8005883443,2021-01-14
0.9556501838,2021-01-14
0.850285577,2021-01-14
0.9561294166,2021-01-14
0.9182746881,2021-01-19
0.7187673762,2021-01-19
0.8494638914,2021-01-19
0.6555557925,2021-01-19
0.9779608126,2021-01-24
0.9776335746,2021-01-24
0.9836273468,2021-01-24
0.9812452241,2021-01-24
0.6355566387,2021-01-29
0.5841010295,2021-01-29
0.7503106643,2021-01-29
0.5823791458,2021-01-29
0.6396206888,2021-02-03
0.6004537999,2021-02-03
0.7622219564,2021-02-03
0.5834302927,2021-02-03
0.6068584487,2021-02-08
0.5418238806,2021-02-08
0.7273594072,2021-02-08
0.5280213388,2021-02-08
0.8734093814,2021-02-13
0.9425042987,2021-02-13
0.836759147,2021-02-13
0.9397405983,2021-02-13
0.619284128,2021-02-18
0.528907114,2021-02-18
0.7332188163,2021-02-18
0.5001879937,2021-02-18
0.5893185624,2021-02-23
0.5102648508,2021-02-23
0.6902280634,2021-02-23
0.4998865902,2021-02-23
0.6164743244,2021-02-28
0.534942966,2021-02-28
0.7022951114,2021-02-28
0.5211836133,2021-02-28
0.5694140045,2021-03-05
0.4816717533,2021-03-05
0.655615739,2021-03-05
0.4738438851,2021-03-05
0.6230705965,2021-03-10
0.5550723721,2021-03-10
0.7163725578,2021-03-10
0.5518616801,2021-03-10
0.6278293829,2021-03-10
0.7046329561,2021-03-10
0.681944406,2021-03-15
0.6275034124,2021-03-15
0.7423199812,2021-03-15
0.6179982224,2021-03-15
0.6527468058,2021-03-20
0.5938446043,2021-03-20
0.6944268491,2021-03-20
0.5816674725,2021-03-20
0.6799135071,2021-03-25
0.6323331951,2021-03-25
0.6906625457,2021-03-25
0.6438649463,2021-03-25
0.6707444731,2021-03-30
0.6639580348,2021-03-30
0.6696976531,2021-03-30
0.6523624877,2021-03-30
0.6934265523,2021-04-04
0.6901325442,2021-04-04
0.678984067,2021-04-04
0.6754972594,2021-04-04
0.6941597285,2021-04-09
0.7032801123,2021-04-09
0.6672736991,2021-04-09
0.6870241347,2021-04-09
0.7422719288,2021-04-14
0.7492337909,2021-04-14
0.7153065549,2021-04-14
0.7335246859,2021-04-14
0.7437740262,2021-04-19
0.7559991857,2021-04-19
0.7086115401,2021-04-19
0.7386555207,2021-04-19
0.7081479524,2021-04-24
0.7283503992,2021-04-24
0.6630620743,2021-04-24
0.7100260388,2021-04-24
0.7897426944,2021-04-29
0.813567535,2021-04-29
0.7537511647,2021-04-29
0.793071435,2021-04-29
0.7857709969,2021-05-04
0.8780249424,2021-05-04
0.7649092465,2021-05-04
0.8505181621,2021-05-04
0.775406278,2021-05-09
0.8103739531,2021-05-09
0.7336365603,2021-05-09
0.7932722186,2021-05-09
0.7762072096,2021-05-14
0.7888363023,2021-05-14
0.7261129423,2021-05-14
0.7733135347,2021-05-14
1.02197079,2021-05-19
1.012949164,2021-05-19
1.024132282,2021-05-19
1.019096787,2021-05-19
0.6937506462,2021-05-24
0.696761606,2021-05-24
0.6410389971,2021-05-24
0.6857220157,2021-05-24
0.7278693926,2021-05-29
0.7353368442,2021-05-29
0.6697742029,2021-05-29
0.7328697525,2021-05-29
0.7085859869,2021-06-03
0.7146938533,2021-06-03
0.6596986815,2021-06-03
0.7180940025,2021-06-03
0.7011549196,2021-06-08
0.7020243008,2021-06-08
0.6619435372,2021-06-08
0.7078016147,2021-06-08
0.8670280708,2021-06-13
0.7185605156,2021-06-13
0.7162588454,2021-06-13
0.6968738084,2021-06-13
0.7859469901,2021-06-18
0.7526592119,2021-06-18
0.8190902882,2021-06-18
0.7947083329,2021-06-18
0.6441963565,2021-06-23
0.6389310688,2021-06-23
0.6434512813,2021-06-23
0.6407299989,2021-06-23
0.6934428556,2021-06-28
0.7133087473,2021-06-28
0.7300577735,2021-06-28
0.7267969098,2021-06-28
0.8025274767,2021-07-03
0.7943889074,2021-07-03
0.8538182393,2021-07-03
0.8097267742,2021-07-03
0.679662816,2021-07-08
0.6739690385,2021-07-08
0.6698591037,2021-07-08
0.6806759939,2021-07-08
0.9902380441,2021-07-13
0.9896734513,2021-07-13
0.9838524468,2021-07-13
0.9883474941,2021-07-13
0.8922166646,2021-07-18
0.8851977124,2021-07-18
0.9039690212,2021-07-18
0.8932340394,2021-07-18
0.931592807,2021-07-23
0.8540799624,2021-07-23
0.9230586098,2021-07-23
0.8127020982,2021-07-23
1.009607717,2021-07-28
1.010320321,2021-07-28
1.003110097,2021-07-28
1.010871414,2021-07-28
1.027140977,2021-08-02
1.018047088,2021-08-02
1.019883269,2021-08-02
1.038321939,2021-08-02
0.9317413392,2021-08-07
0.9702988324,2021-08-07
0.980004155,2021-08-07
0.9846206309,2021-08-07
0.5789451712,2021-08-12
0.52061449,2021-08-12
0.5720372421,2021-08-12
0.5296224432,2021-08-12
0.6314124578,2021-08-17
0.5261715802,2021-08-17
0.62177075,2021-08-17
0.5592389716,2021-08-17
0.9478987219,2021-08-22
0.9156609991,2021-08-22
0.96127258,2021-08-22
0.9506344517,2021-08-22
0.5869105452,2021-08-27
0.4950476001,2021-08-27
0.568107009,2021-08-27
0.5064047366,2021-08-27
1.01434709,2021-09-01
1.020859867,2021-09-01
1.010260921,2021-09-01
1.021984847,2021-09-01
0.8122015014,2021-09-06
0.8841599202,2021-09-06
0.8876430894,2021-09-06
0.8305009027,2021-09-06
1.02254501,2021-09-11
1.010747302,2021-09-11
1.017281592,2021-09-11
1.011195184,2021-09-11
1.035832313,2021-09-16
1.048585981,2021-09-16
1.023321834,2021-09-16
1.047460666,2021-09-16
0.7671364313,2021-09-21
0.6948651823,2021-09-21
0.7362837668,2021-09-21
0.7940796875,2021-09-21
0.9037624225,2021-09-26
0.8029986997,2021-09-26
0.942943477,2021-09-26
0.8132574347,2021-09-26
0.7765111828,2021-10-01
0.7247774708,2021-10-01
0.7958857257,2021-10-01
0.7225302259,2021-10-01
0.6687635941,2021-10-06
0.5568484041,2021-10-06
0.6719905395,2021-10-06
0.6069548406,2021-10-06
0.6016884119,2021-10-11
0.5409289378,2021-10-11
0.5632744098,2021-10-11
0.5622131508,2021-10-11
0.6793606047,2021-10-16
0.6197747255,2021-10-16
0.651823876,2021-10-16
0.6436452019,2021-10-16
0.5912344864,2021-10-21
0.5507742857,2021-10-21
0.5453146661,2021-10-21
0.5635318187,2021-10-21
0.6148483722,2021-10-26
0.5861903312,2021-10-26
0.5651909754,2021-10-26
0.5959457616,2021-10-26
0.6550356391,2021-10-31
0.6700355434,2021-10-31
0.6268720752,2021-10-31
0.6811169592,2021-10-31
0.8558181013,2021-11-05
0.8731634261,2021-11-05
0.8547339715,2021-11-05
0.8788862695,2021-11-05
0.7436075954,2021-11-10
0.7710326656,2021-11-10
0.7326246914,2021-11-10
0.7731985498,2021-11-10
0.7487179337,2021-11-15
0.8136653649,2021-11-15
0.7502439347,2021-11-15
0.8111115495,2021-11-15
0.8151921608,2021-11-20
0.8947797359,2021-11-20
0.8726767434,2021-11-20
0.8936469997,2021-11-20
0.6986986087,2021-11-25
0.7960782481,2021-11-25
0.7387113617,2021-11-25
0.780634493,2021-11-25
0.702047913,2021-11-30
0.7633900811,2021-11-30
0.7283454753,2021-11-30
0.744841766,2021-11-30
0.8748322172,2021-12-05
0.726321098,2021-12-05
0.9097946966,2021-12-05
0.6938935767,2021-12-05
0.6587580617,2021-12-10
0.6933936139,2021-12-10
0.7071018378,2021-12-10
0.6594595408,2021-12-10
0.6721422306,2021-12-15
0.6585557943,2021-12-15
0.7298122275,2021-12-15
0.619964896,2021-12-15
0.5956682678,2021-12-20
0.6157782612,2021-12-20
0.6542160269,2021-12-20
0.5842302445,2021-12-20
0.7606872455,2021-12-25
0.802944439,2021-12-25
0.8369694463,2021-12-25
0.7676502049,2021-12-25
0.6016764022,2021-12-30
0.5475416452,2021-12-30
0.6618567822,2021-12-30
0.5232185996,2021-12-30
0.9980419075,2022-01-09
0.992734741,2022-01-09
1.028153933,2022-01-09
0.9916888659,2022-01-09
0.9717192549,2022-01-14
0.9796320484,2022-01-14
0.9693927474,2022-01-14
0.9660326694,2022-01-14
0.8676368232,2022-01-24
0.9241641156,2022-01-24
0.9409060888,2022-01-24
0.9443602494,2022-01-24
0.6887122161,2022-01-29
0.6307978051,2022-01-29
0.7691111936,2022-01-29
0.613955675,2022-01-29
0.9558280352,2022-02-03
0.9144654178,2022-02-03
0.98999575,2022-02-03
0.962290386,2022-02-03
0.7712683904,2022-02-08
0.7062820535,2022-02-08
0.8427526101,2022-02-08
0.6904547117,2022-02-08
0.6912836379,2022-02-13
0.6156973206,2022-02-13
0.7681291026,2022-02-13
0.613788653,2022-02-13
0.696569358,2022-02-18
0.6083832054,2022-02-18
0.7722220976,2022-02-18
0.5983329217,2022-02-18
0.8186494753,2022-02-23
0.7790096116,2022-02-23
0.8761736116,2022-02-23
0.7749294037,2022-02-23
0.6685595712,2022-02-28
0.5752134733,2022-02-28
0.7235483938,2022-02-28
0.5697500575,2022-02-28
0.6850693538,2022-03-05
0.5871387917,2022-03-05
0.7305740925,2022-03-05
0.583322518,2022-03-05
0.7508650574,2022-03-10
0.6646612061,2022-03-10
0.762583427,2022-03-10
0.6389163782,2022-03-10
0.7356705979,2022-03-15
0.6481853789,2022-03-15
0.7678006778,2022-03-15
0.650314543,2022-03-15
0.747172964,2022-03-20
0.6629350792,2022-03-20
0.7658463828,2022-03-20
0.6750316927,2022-03-20
0.7506303359,2022-03-25
0.686025022,2022-03-25
0.7520724937,2022-03-25
0.6866458825,2022-03-25
0.7624105445,2022-03-30
0.7259015557,2022-03-30
0.7543343952,2022-03-30
0.7285934538,2022-03-30
0.7702567873,2022-04-04
0.7555871355,2022-04-04
0.7489958984,2022-04-04
0.7534389623,2022-04-04
0.7867993609,2022-04-09
0.7824840644,2022-04-09
0.7616785103,2022-04-09
0.7791408252,2022-04-09
0.8061795821,2022-04-14
0.8033249008,2022-04-14
0.787360625,2022-04-14
0.8012763096,2022-04-14
0.8124736268,2022-04-19
0.8127016471,2022-04-19
0.7874029507,2022-04-19
0.8076950723,2022-04-19
0.7905242043,2022-04-24
0.7924809674,2022-04-24
0.767246485,2022-04-24
0.7861782086,2022-04-24
0.8096752667,2022-04-29
0.8226253212,2022-04-29
0.7824443579,2022-04-29
0.8148182307,2022-04-29
0.8814558676,2022-05-04
0.8890856361,2022-05-04
0.870849286,2022-05-04
0.8830335666,2022-05-04
0.8359797058,2022-05-09
0.8474759701,2022-05-09
0.8068195913,2022-05-09
0.8401679407,2022-05-09
0.796230643,2022-05-14
0.8009042682,2022-05-14
0.7653768675,2022-05-14
0.7912195275,2022-05-14
0.8439906047,2022-05-19
0.8691474104,2022-05-19
0.8208122372,2022-05-19
0.8614581488,2022-05-19
0.8009761582,2022-05-24
0.8429856266,2022-05-24
0.7935313912,2022-05-24
0.8337713286,2022-05-24
0.8020500733,2022-05-29
0.805243896,2022-05-29
0.7706654073,2022-05-29
0.800102909,2022-05-29
0.765234075,2022-06-03
0.7572844843,2022-06-03
0.7274027776,2022-06-03
0.7530885085,2022-06-03
0.8167428649,2022-06-08
0.8180152747,2022-06-08
0.7909036778,2022-06-08
0.8141450393,2022-06-08
0.929117046,2022-06-13
0.8654019384,2022-06-13
0.9345481076,2022-06-13
0.889001299,2022-06-13
0.9280096338,2022-06-18
0.937241749,2022-06-18
0.9340577455,2022-06-18
0.9400434113,2022-06-18
0.7761506684,2022-06-23
0.7687458761,2022-06-23
0.7356050671,2022-06-23
0.7481950819,2022-06-23
0.8423939708,2022-06-28
0.8452500027,2022-06-28
0.8268575093,2022-06-28
0.844176649,2022-06-28
0.8156623024,2022-07-03
0.8639968042,2022-07-03
0.7994147201,2022-07-03
0.8454830051,2022-07-03
0.7417569187,2022-07-08
0.7128930852,2022-07-08
0.7345654327,2022-07-08
0.7171511101,2022-07-08
0.8067532366,2022-07-13
0.7608934022,2022-07-13
0.7980528311,2022-07-13
0.7743522624,2022-07-13
0.8578265027,2022-07-18
0.7675243926,2022-07-18
0.8152376725,2022-07-18
0.7654399399,2022-07-18
0.9082369532,2022-07-23
0.8792845072,2022-07-23
0.9361297293,2022-07-23
0.868098849,2022-07-23
0.8684875274,2022-07-28
0.8754496429,2022-07-28
0.9327560183,2022-07-28
0.9003329584,2022-07-28
0.7314876312,2022-08-02
0.6834802328,2022-08-02
0.7508489583,2022-08-02
0.7172951953,2022-08-02
1.001865403,2022-08-07
0.995613646,2022-08-07
1.000993126,2022-08-07
0.9958755569,2022-08-07
0.7175482433,2022-08-12
0.5891762058,2022-08-12
0.7203729437,2022-08-12
0.6055385395,2022-08-12
0.77981468,2022-08-17
0.6366269144,2022-08-17
0.7641088175,2022-08-17
0.6408098902,2022-08-17
0.8131064614,2022-08-22
0.6789434718,2022-08-22
0.8165023363,2022-08-22
0.6828490786,2022-08-22
0.7244635806,2022-08-27
0.6171091309,2022-08-27
0.7203762586,2022-08-27
0.6643988078,2022-08-27
0.7679443947,2022-09-01
0.6487180369,2022-09-01
0.7655896517,2022-09-01
0.662656408,2022-09-01
0.7759011547,2022-09-06
0.6724193327,2022-09-06
0.7607933669,2022-09-06
0.6985916602,2022-09-06
0.7818435071,2022-09-11
0.6528115039,2022-09-11
0.7845268473,2022-09-11
0.6536514353,2022-09-11
1.013338942,2022-09-16
1.047096025,2022-09-16
1.063029998,2022-09-16
1.048591446,2022-09-16
0.810823344,2022-09-21
0.6534088911,2022-09-21
0.8428512524,2022-09-21
0.6966510826,2022-09-21
0.8702071566,2022-09-26
0.7038083463,2022-09-26
0.8494896145,2022-09-26
0.6916327706,2022-09-26
0.7236036401,2022-10-01
0.6429559809,2022-10-01
0.7271137268,2022-10-01
0.6569460598,2022-10-01
0.7677008374,2022-10-06
0.6610158858,2022-10-06
0.7957601232,2022-10-06
0.6754557194,2022-10-06
0.8311432698,2022-10-11
0.8951835288,2022-10-11
0.8567643137,2022-10-11
0.8520677891,2022-10-11
0.7253316978,2022-10-16
0.6658660512,2022-10-16
0.7218550028,2022-10-16
0.6855657655,2022-10-16
0.7410375583,2022-10-21
0.7166616609,2022-10-21
0.7335020472,2022-10-21
0.7296055152,2022-10-21
0.7952075267,2022-10-26
0.7865083342,2022-10-26
0.7854739507,2022-10-26
0.7948906217,2022-10-26
0.8931310235,2022-10-31
0.8950911509,2022-10-31
0.8694029538,2022-10-31
0.8932717831,2022-10-31
0.8879818928,2022-11-05
0.9156190162,2022-11-05
0.8790043163,2022-11-05
0.9155904195,2022-11-05
0.879234372,2022-11-10
0.9060501735,2022-11-10
0.8651028125,2022-11-10
0.9174031866,2022-11-10
0.8398499776,2022-11-15
0.9005851933,2022-11-15
0.8497305374,2022-11-15
0.9099514784,2022-11-15
0.7884100883,2022-11-20
0.8277416656,2022-11-20
0.7894354418,2022-11-20
0.8169683283,2022-11-20
0.7656549621,2022-11-25
0.8066854631,2022-11-25
0.7829161663,2022-11-25
0.8011352398,2022-11-25
0.8011877587,2022-11-30
0.8349466997,2022-11-30
0.8367426803,2022-11-30
0.8321994058,2022-11-30
0.7674513262,2022-12-05
0.7989909249,2022-12-05
0.8110293548,2022-12-05
0.7829978335,2022-12-05
0.7580705203,2022-12-10
0.7839411289,2022-12-10
0.8191194331,2022-12-10
0.771234144,2022-12-10
0.7197391502,2022-12-15
0.7302853923,2022-12-15
0.7822328708,2022-12-15
0.7168165689,2022-12-15
0.8791335687,2022-12-20
0.9181322429,2022-12-20
0.8554199171,2022-12-20
0.8873754837,2022-12-20
0.9312871393,2022-12-25
0.9199785715,2022-12-25
0.9028116674,2022-12-25
0.8846680353,2022-12-25
0.8813640991,2022-12-30
0.9168830429,2022-12-30
0.9198996681,2022-12-30
0.9095642163,2022-12-30