Turbidity,date
-0.06489158876,2018-01-10
-0.08059782506,2018-01-10
-0.03669727253,2018-01-10
-0.08318031532,2018-01-10
-0.06047965116,2018-01-15
-0.07928931548,2018-01-15
-0.03430288786,2018-01-15
-0.08227172204,2018-01-15
-0.06428771822,2018-01-20
-0.08447173224,2018-01-20
-0.03402076414,2018-01-20
-0.08589980192,2018-01-20
-0.06174585661,2018-01-30
-0.07373712836,2018-01-30
-0.02956344821,2018-01-30
-0.07192109532,2018-01-30
-0.05551124619,2018-02-09
-0.07839575811,2018-02-09
-0.02693424128,2018-02-09
-0.08031694002,2018-02-09
-0.05822122819,2018-02-14
-0.09507246067,2018-02-14
-0.02554522272,2018-02-14
-0.0968456181,2018-02-14
-0.04887663496,2018-02-19
-0.07694532042,2018-02-19
-0.02227953146,2018-02-19
-0.07857352545,2018-02-19
-0.02946666256,2018-02-24
-0.04733541395,2018-02-24
-0.01986798756,2018-02-24
-0.04332715536,2018-02-24
-0.01944179889,2018-03-01
-0.02977763064,2018-03-01
-0.008357742108,2018-03-01
-0.0438400677,2018-03-01
-0.03492104293,2018-03-06
-0.08200177667,2018-03-06
-0.01488176236,2018-03-06
-0.08192490324,2018-03-06
-0.009947693383,2018-03-11
-0.06856732839,2018-03-11
-0.01159126353,2018-03-11
-0.06868206979,2018-03-11
-0.01372623594,2018-03-16
-0.04786600177,2018-03-16
-0.007880519292,2018-03-16
-0.04831402107,2018-03-16
0.01003307304,2018-03-26
-0.01652674023,2018-03-26
0.004660401098,2018-03-26
-0.01775867358,2018-03-26
0.0248903268,2018-03-31
0.01252454661,2018-03-31
0.01147505528,2018-03-31
0.01062252911,2018-03-31
0.02209255072,2018-04-05
0.01536398462,2018-04-05
0.005503360297,2018-04-05
0.007705092048,2018-04-05
0.03047102763,2018-04-10
0.0354879804,2018-04-10
0.007615180932,2018-04-10
0.03173758598,2018-04-10
0.03539183082,2018-04-15
0.05276752365,2018-04-15
0.008784080559,2018-04-15
0.04600060077,2018-04-15
0.04395870359,2018-04-20
0.0561435589,2018-04-20
0.0175529334,2018-04-20
0.04964975319,2018-04-20
0.05072465025,2018-04-25
0.06212181547,2018-04-25
0.0213399644,2018-04-25
0.05539103559,2018-04-25
0.04367043784,2018-04-30
0.05141365041,2018-04-30
0.01567828747,2018-04-30
0.04520925645,2018-04-30
0.03870642467,2018-05-05
0.04776166054,2018-05-05
0.01182729719,2018-05-05
0.043739283,2018-05-05
0.03292079947,2018-05-10
0.03148364763,2018-05-10
0.008902608668,2018-05-10
0.02471025488,2018-05-10
0.02868532552,2018-05-15
0.02975638626,2018-05-15
0.01135150714,2018-05-15
0.02645537641,2018-05-15
0.02438232208,2018-05-20
0.03305108135,2018-05-20
0.01104012,2018-05-20
0.02955588559,2018-05-20
0.04572256812,2018-05-25
0.04583783699,2018-05-25
0.0215538133,2018-05-25
0.03910271657,2018-05-25
0.03387059303,2018-05-30
0.02965786348,2018-05-30
0.0180950291,2018-05-30
0.02774876276,2018-05-30
0.03311782283,2018-06-04
0.03062453121,2018-06-04
0.01446673991,2018-06-04
0.02597532179,2018-06-04
0.02376585984,2018-06-09
0.01417227898,2018-06-09
0.007176116452,2018-06-09
0.01276314866,2018-06-09
0.04116206138,2018-06-14
0.03875129636,2018-06-14
0.02967261024,2018-06-14
0.03699458691,2018-06-14
0.03809114641,2018-06-19
0.03227033997,2018-06-19
0.01832660038,2018-06-19
0.02733323834,2018-06-19
0.0351738442,2018-06-24
0.03098043463,2018-06-24
0.01768407028,2018-06-24
0.02531434484,2018-06-24
-8.20E-04,2018-06-29
0.001665122095,2018-06-29
0.001007357417,2018-06-29
0.005088772503,2018-06-29
0.02199605912,2018-07-04
0.02363320882,2018-07-04
0.002710128284,2018-07-04
0.02394834304,2018-07-04
-0.004536189673,2018-07-09
-0.01124971985,2018-07-09
-0.02076137316,2018-07-09
-0.0158579199,2018-07-09
-0.009429058422,2018-07-14
-0.03005464284,2018-07-14
-0.003780253504,2018-07-14
-0.01848614627,2018-07-14
-0.0278301173,2018-07-19
-0.03330364151,2018-07-19
-0.0313658775,2018-07-19
-0.04319752745,2018-07-19
-0.02051016878,2018-07-24
-0.04896685479,2018-07-24
-0.02298985806,2018-07-24
-0.02312823738,2018-07-24
-0.04588045083,2018-07-29
-0.06527892661,2018-07-29
-0.05046276175,2018-07-29
-0.06372835729,2018-07-29
-0.02684270122,2018-08-03
-0.02726458226,2018-08-03
-0.02895119103,2018-08-03
-0.03428932442,2018-08-03
-0.04467470802,2018-08-08
-0.06873826249,2018-08-08
-0.03695468279,2018-08-08
-0.07003366136,2018-08-08
-0.002207136206,2018-08-13
-0.004034528527,2018-08-13
-0.002304947422,2018-08-13
-0.0031090729,2018-08-13
-0.03336341279,2018-08-18
-0.03451055689,2018-08-18
-0.04235411435,2018-08-18
-0.05801067683,2018-08-18
0.01305384988,2018-08-23
0.008666726006,2018-08-23
8.62E-04,2018-08-23
0.004993402363,2018-08-23
0.01408703824,2018-08-28
0.01862619342,2018-08-28
9.93E-04,2018-08-28
0.01719162704,2018-08-28
0.01756536934,2018-09-02
0.01628876614,2018-09-02
0.01737425849,2018-09-02
0.01676095788,2018-09-02
-0.0813012173,2018-09-07
-0.1166350467,2018-09-07
-0.06033268248,2018-09-07
-0.1123392751,2018-09-07
-0.04570253434,2018-09-12
-0.1003742804,2018-09-12
-0.06138299859,2018-09-12
-0.09506504014,2018-09-12
-0.03843959335,2018-09-17
-0.07093561916,2018-09-17
-0.04838495333,2018-09-17
-0.06536062445,2018-09-17
0.01713298343,2018-09-22
0.01927847903,2018-09-22
0.01766467098,2018-09-22
0.02009014535,2018-09-22
-0.06052443642,2018-09-27
-0.08868320527,2018-09-27
-0.06803500149,2018-09-27
-0.08300820004,2018-09-27
-0.04208783512,2018-10-02
-0.06400847345,2018-10-02
-0.05818589808,2018-10-02
-0.05814812578,2018-10-02
-0.02916111559,2018-10-07
-0.04405474649,2018-10-07
-0.04632142665,2018-10-07
-0.03859903333,2018-10-07
-0.02450469037,2018-10-12
-0.03679540405,2018-10-12
-0.04460171937,2018-10-12
-0.03313930745,2018-10-12
-0.01654575023,2018-10-17
-0.02171005967,2018-10-17
-0.03649174256,2018-10-17
-0.02001636294,2018-10-17
-0.01548685603,2018-10-22
-0.01879174508,2018-10-22
-0.03674847232,2018-10-22
-0.02115758923,2018-10-22
-0.02634383213,2018-10-27
-0.02732510338,2018-10-27
-0.03791090175,2018-10-27
-0.03071997708,2018-10-27
-0.02944714083,2018-11-01
-0.02771265809,2018-11-01
-0.04011307502,2018-11-01
-0.03315344313,2018-11-01
-0.01813981436,2018-11-06
-0.006481183244,2018-11-06
-0.03407319866,2018-11-06
-0.01676419758,2018-11-06
-0.02412662723,2018-11-11
-0.01430511817,2018-11-11
-0.0331561033,2018-11-11
-0.02139265276,2018-11-11
-0.03970878405,2018-11-16
-0.01162258034,2018-11-16
-0.04936927119,2018-11-16
-0.02331102649,2018-11-16
-0.0422112521,2018-11-21
-0.0170592522,2018-11-21
-0.04622263677,2018-11-21
-0.02557343248,2018-11-21
-0.04159378027,2018-11-26
-0.01447393715,2018-11-26
-0.0427372082,2018-11-26
-0.02278896145,2018-11-26
-0.04175261728,2018-12-01
-0.01406776644,2018-12-01
-0.03855136232,2018-12-01
-0.02335539081,2018-12-01
-0.039094438,2018-12-06
-0.0247076804,2018-12-06
-0.03242041855,2018-12-06
-0.03236558175,2018-12-06
-0.02922712552,2018-12-11
-0.02691911427,2018-12-11
-0.0215086101,2018-12-11
-0.03032093978,2018-12-11
-0.06774173389,2018-12-16
-0.05777617593,2018-12-16
-0.05100336565,2018-12-16
-0.06486215469,2018-12-16
-0.0615123848,2018-12-21
-0.06005768471,2018-12-21
-0.04541618933,2018-12-21
-0.06492577903,2018-12-21
-0.06295634041,2018-12-26
-0.06694718305,2018-12-26
-0.04182400816,2018-12-26
-0.06997812058,2018-12-26
-0.06098827409,2018-12-31
-0.06807342678,2018-12-31
-0.04151581381,2018-12-31
-0.07383851564,2018-12-31
-0.05190492935,2019-01-05
-0.05484113797,2019-01-05
-0.03882773634,2019-01-05
-0.058746484,2019-01-05
-0.06205421972,2019-01-10
-0.06430799546,2019-01-10
-0.0396148959,2019-01-10
-0.06131268957,2019-01-10
-0.006868957174,2019-01-15
-0.01009734479,2019-01-15
-0.005950834077,2019-01-15
-0.01465545341,2019-01-15
-0.06180839669,2019-01-20
-0.07339662623,2019-01-20
-0.03682978123,2019-01-20
-0.07875362722,2019-01-20
-0.04613728486,2019-01-25
-0.03165114866,2019-01-25
-0.04723562682,2019-01-25
-0.0361613688,2019-01-25
-0.04419850418,2019-01-30
-0.04494782108,2019-01-30
-0.02160360145,2019-01-30
-0.0483280326,2019-01-30
-0.01200037697,2019-02-04
-0.01464854705,2019-02-04
-0.04191609708,2019-02-04
-0.04658158752,2019-02-04
-0.07159007799,2019-02-09
-0.09755109883,2019-02-09
-0.0420039301,2019-02-09
-0.1019924058,2019-02-09
0.02293920634,2019-02-14
0.02251877341,2019-02-14
0.02108076289,2019-02-14
0.02329746191,2019-02-14
-0.0460750374,2019-02-19
0.002291573618,2019-02-19
-0.02962801096,2019-02-19
0.005672980649,2019-02-19
-0.06624073357,2019-02-24
-0.1036002084,2019-02-24
-0.03574035776,2019-02-24
-0.09113697701,2019-02-24
-0.06132365457,2019-03-01
-0.1048877066,2019-03-01
-0.04008386862,2019-03-01
-0.1057963559,2019-03-01
-0.06266166933,2019-03-06
-0.1067726452,2019-03-06
-0.04426955354,2019-03-06
-0.1062157907,2019-03-06
-0.03877666469,2019-03-11
-0.06471195459,2019-03-11
-0.03064520423,2019-03-11
-0.06293305517,2019-03-11
-0.04470306627,2019-03-16
-0.08598102676,2019-03-16
-0.03319463566,2019-03-16
-0.08468908744,2019-03-16
-0.03478151961,2019-03-21
-0.0520886053,2019-03-21
-0.03172347653,2019-03-21
-0.05562911822,2019-03-21
-0.02175380732,2019-03-26
-0.06308670765,2019-03-26
-0.01969598016,2019-03-26
-0.06345449253,2019-03-26
-0.003979295621,2019-03-31
-0.03878379446,2019-03-31
-0.009954724076,2019-03-31
-0.04079551776,2019-03-31
0.006679115339,2019-04-05
-0.01190626623,2019-04-05
-0.006809165585,2019-04-05
-0.01464986299,2019-04-05
0.01970922937,2019-04-10
0.01290486056,2019-04-10
-8.32E-04,2019-04-10
0.009946959047,2019-04-10
0.0339338007,2019-04-15
0.04223903125,2019-04-15
0.00614100848,2019-04-15
0.03867927923,2019-04-15
0.01832987774,2019-04-20
0.0280611246,2019-04-20
-0.006042735887,2019-04-20
0.02345604269,2019-04-20
0.02561180356,2019-04-25
0.03929067536,2019-04-25
0.001893853152,2019-04-25
0.03414499764,2019-04-25
0.03539856162,2019-04-30
0.04932526958,2019-04-30
0.009909959166,2019-04-30
0.04497183663,2019-04-30
0.03919868873,2019-05-05
0.05604889786,2019-05-05
0.009326155861,2019-05-05
0.05209132549,2019-05-05
0.03482192128,2019-05-10
0.03944463209,2019-05-10
0.01177239622,2019-05-10
0.0383068353,2019-05-10
0.008783498469,2019-05-15
0.01276994047,2019-05-15
0.003838702463,2019-05-15
0.01259244674,2019-05-15
0.02337705842,2019-05-20
0.02839457723,2019-05-20
-7.77E-04,2019-05-20
0.02461262322,2019-05-20
0.02568398491,2019-05-25
0.02969600652,2019-05-25
-7.94E-05,2019-05-25
0.02475870381,2019-05-25
0.03124729042,2019-05-30
0.03634569578,2019-05-30
0.006657209122,2019-05-30
0.03058382322,2019-05-30
0.02632061631,2019-06-04
0.02837890877,2019-06-04
0.005626016909,2019-06-04
0.02445112552,2019-06-04
0.03132129998,2019-06-09
0.03231605878,2019-06-09
0.008173590296,2019-06-09
0.02685831921,2019-06-09
0.0378303378,2019-06-14
0.03801189701,2019-06-14
0.01631995767,2019-06-14
0.03198140628,2019-06-14
0.0229199853,2019-06-19
0.009085593704,2019-06-19
-5.47E-04,2019-06-19
0.003062171853,2019-06-19
0.01819231697,2019-06-24
0.01935304215,2019-06-24
0.01520300459,2019-06-24
0.01440621755,2019-06-24
0.02943244436,2019-06-29
0.02387928318,2019-06-29
0.008520499304,2019-06-29
0.01617782019,2019-06-29
0.01116434534,2019-07-04
0.01711799502,2019-07-04
8.86E-05,2019-07-04
0.0109091276,2019-07-04
0.01418247405,2019-07-09
0.008865540239,2019-07-09
0.01783015428,2019-07-09
0.008733536825,2019-07-09
0.01913123423,2019-07-14
0.01105014907,2019-07-14
0.01145352051,2019-07-14
0.00962495067,2019-07-14
-0.01187075351,2019-07-19
-0.004837701809,2019-07-19
-0.01572964007,2019-07-19
0.005470787932,2019-07-19
-8.14E-04,2019-07-24
-0.01313162589,2019-07-24
-0.00805178749,2019-07-24
-0.006494885995,2019-07-24
-0.0083243177,2019-07-29
-0.04147061158,2019-07-29
-0.008753089414,2019-07-29
-0.05004109309,2019-07-29
0.01052049062,2019-08-03
0.01146242621,2019-08-03
0.01609995386,2019-08-03
0.0169663922,2019-08-03
-0.07087517525,2019-08-08
-0.08917692782,2019-08-08
-0.07415410002,2019-08-08
-0.08893215974,2019-08-08
-0.02214094512,2019-08-13
-0.05824058132,2019-08-13
-0.00456905848,2019-08-13
-0.05666459413,2019-08-13
0.01085406341,2019-08-18
0.01444964201,2019-08-18
0.01270149285,2019-08-18
0.01515097784,2019-08-18
-0.06102085715,2019-08-23
-0.0842959596,2019-08-23
-0.05516766773,2019-08-23
-0.08014520117,2019-08-23
-0.04712619672,2019-08-28
-0.06530903546,2019-08-28
-0.05979830909,2019-08-28
-0.07301774214,2019-08-28
-0.05139651168,2019-09-02
-0.07909604191,2019-09-02
-0.05708666498,2019-09-02
-0.0839467112,2019-09-02
-0.04315325185,2019-09-07
-0.05038590604,2019-09-07
-0.0395866711,2019-09-07
-0.05382962193,2019-09-07
-0.03675504826,2019-09-12
-0.04808025886,2019-09-12
-0.0423924168,2019-09-12
-0.05215770826,2019-09-12
-0.01559595539,2019-09-17
-0.05157538636,2019-09-17
-0.03535337917,2019-09-17
-0.06429234805,2019-09-17
-0.007668966786,2019-09-22
-0.01948739335,2019-09-22
0.00462219371,2019-09-22
-0.001985801048,2019-09-22
0.009240695052,2019-09-27
-0.05060626567,2019-09-27
-4.12E-05,2019-09-27
-0.0577333464,2019-09-27
-0.03249474606,2019-10-02
-0.04743300193,2019-10-02
-0.04036331445,2019-10-02
-0.04688603981,2019-10-02
-0.01186200565,2019-10-07
-0.03016660019,2019-10-07
-0.0191072473,2019-10-07
-0.02880495138,2019-10-07
-0.02505346677,2019-10-12
-0.0337723038,2019-10-12
-0.04711181229,2019-10-12
-0.03477848068,2019-10-12
-0.02287911196,2019-10-17
-0.02957371345,2019-10-17
-0.04253662956,2019-10-17
-0.03214132869,2019-10-17
-0.017383838,2019-10-22
-0.05810604891,2019-10-22
-0.02316617407,2019-10-22
-0.06523658256,2019-10-22
-0.02389450081,2019-10-27
-0.02388174748,2019-10-27
-0.04248961403,2019-10-27
-0.02733951756,2019-10-27
-0.01709610554,2019-11-01
-0.01077701298,2019-11-01
-0.0241261719,2019-11-01
-0.01265579049,2019-11-01
-0.02396414379,2019-11-06
-0.02191222801,2019-11-06
-0.04392447099,2019-11-06
-0.02835092456,2019-11-06
-0.0346425765,2019-11-11
-0.02663267478,2019-11-11
-0.0404270343,2019-11-11
-0.02925283161,2019-11-11
-0.02998665539,2019-11-16
-0.008135262412,2019-11-16
-0.04324623446,2019-11-16
-0.01492829419,2019-11-16
-0.02360328599,2019-11-21
-0.004787950752,2019-11-21
-0.02577308462,2019-11-21
-0.0227676839,2019-11-21
-0.02113558465,2019-11-26
-9.12E-04,2019-11-26
-0.0290716006,2019-11-26
-0.004541106537,2019-11-26
-0.03665254383,2019-12-01
-0.01912556609,2019-12-01
-0.04240704432,2019-12-01
-0.02858511716,2019-12-01
-0.03491042526,2019-12-06
-0.01147652923,2019-12-06
-0.03810884706,2019-12-06
-0.02309595168,2019-12-06
-0.006397735373,2019-12-11
-0.01926799597,2019-12-11
-0.001326652099,2019-12-11
-0.02100645099,2019-12-11
0.03194588327,2019-12-16
0.03247742801,2019-12-16
0.03221644724,2019-12-16
0.03284416115,2019-12-16
0.01480023766,2019-12-21
0.03091102762,2019-12-21
-0.001999064523,2019-12-21
0.02871017128,2019-12-21
0.0289932243,2019-12-26
0.03488893122,2019-12-26
0.01386388942,2019-12-26
0.03476415936,2019-12-26
-0.03014096868,2019-12-31
-0.004729297097,2019-12-31
-0.02840055824,2019-12-31
-0.01129387191,2019-12-31
-0.06655232504,2020-01-05
-0.07516200995,2020-01-05
-0.05011800483,2020-01-05
-0.08218172683,2020-01-05
-0.05780156931,2020-01-10
-0.08983971376,2020-01-10
-0.05880410198,2020-01-10
-0.09164870727,2020-01-10
-0.0700812249,2020-01-15
-0.09111545755,2020-01-15
-0.05470869116,2020-01-15
-0.09476022248,2020-01-15
0.009005849572,2020-01-20
0.007495657347,2020-01-20
0.001388107199,2020-01-20
0.01030571927,2020-01-20
-0.07867576626,2020-01-25
-0.09463459105,2020-01-25
-0.05001415269,2020-01-25
-0.08834696108,2020-01-25
-0.06279408587,2020-01-30
-0.1104021517,2020-01-30
-0.05646904945,2020-01-30
-0.1135155767,2020-01-30
-0.06289948916,2020-02-04
-0.05253913687,2020-02-04
-0.04034929717,2020-02-04
-0.06200345723,2020-02-04
-0.05169553226,2020-02-09
-0.06928577728,2020-02-09
-0.03916972239,2020-02-09
-0.08855439091,2020-02-09
-0.06885623823,2020-02-14
-0.09771274135,2020-02-14
-0.03633858234,2020-02-14
-0.1029852661,2020-02-14
-0.02153151318,2020-02-19
-0.05369824206,2020-02-19
-0.01610380026,2020-02-19
-0.07265328185,2020-02-19
-0.06134677034,2020-02-24
-0.0879496036,2020-02-24
-0.04100438482,2020-02-24
-0.0964386242,2020-02-24
-0.02018265979,2020-02-29
0.001913056816,2020-02-29
-0.02802735954,2020-02-29
-0.02386734093,2020-02-29
-0.04966531879,2020-03-05
-0.06771491931,2020-03-05
-0.0267011645,2020-03-05
-0.05165737,2020-03-05
-0.06951854445,2020-03-10
-0.09773928483,2020-03-10
-0.04593342015,2020-03-10
-0.1032598037,2020-03-10
-0.0598601844,2020-03-15
-0.09253000877,2020-03-15
-0.04424827645,2020-03-15
-0.09567557079,2020-03-15
-0.04085721073,2020-03-20
-0.05565327672,2020-03-20
-0.02947927308,2020-03-20
-0.05632117869,2020-03-20
-0.04793509392,2020-03-25
-0.07072719339,2020-03-25
-0.04124094996,2020-03-25
-0.07268930563,2020-03-25
-0.02990816693,2020-03-30
-0.05671966585,2020-03-30
-0.03362363317,2020-03-30
-0.05520368892,2020-03-30
-0.004849874285,2020-04-04
-0.01835932515,2020-04-04
-0.02012371726,2020-04-04
-0.01302681239,2020-04-04
0.01178271911,2020-04-09
0.01543503732,2020-04-09
-0.006868252109,2020-04-09
0.0155254023,2020-04-09
0.01463047154,2020-04-14
0.02882286618,2020-04-14
0.00507484062,2020-04-14
0.03226419297,2020-04-14
0.02723163539,2020-04-19
0.04379347765,2020-04-19
-0.004581168637,2020-04-19
0.0442848412,2020-04-19
0.03228502492,2020-04-24
0.04853639796,2020-04-24
-0.001242835941,2020-04-24
0.04393242093,2020-04-24
0.02520963455,2020-04-29
0.04516814136,2020-04-29
-0.007607088893,2020-04-29
0.03798204331,2020-04-29
0.01932552143,2020-05-04
0.03415397775,2020-05-04
-3.75E-04,2020-05-04
0.03132870841,2020-05-04
0.02789875295,2020-05-09
0.03266393297,2020-05-09
0.002198806794,2020-05-09
0.02848983452,2020-05-09
0.02725285852,2020-05-14
0.0289486702,2020-05-14
0.001800591128,2020-05-14
0.02327745315,2020-05-14
0.03726053633,2020-05-24
0.0391523442,2020-05-24
0.01184279442,2020-05-24
0.03128492781,2020-05-24
0.02444286993,2020-05-29
0.02531831602,2020-05-29
0.01409842292,2020-05-29
0.02191596699,2020-05-29
0.01127373763,2020-06-03
-0.002345224141,2020-06-03
-0.01507016895,2020-06-03
-0.01083640602,2020-06-03
0.001527405293,2020-06-08
-0.00165378013,2020-06-08
-0.02414547211,2020-06-08
-0.009333002747,2020-06-08
-0.007140698627,2020-06-13
-0.01926123406,2020-06-13
-0.02917788746,2020-06-13
-0.02183357801,2020-06-13
0.01405326197,2020-06-18
4.34E-04,2020-06-18
-0.01151482059,2020-06-18
-0.004571184241,2020-06-18
9.72E-05,2020-06-23
-0.003901362303,2020-06-23
-0.02518093951,2020-06-23
-0.008466283322,2020-06-23
0.01342341523,2020-06-28
2.71E-04,2020-06-28
-0.00762189462,2020-06-28
2.67E-04,2020-06-28
0.005213110275,2020-07-03
-0.01638841017,2020-07-03
-0.01891383697,2020-07-03
-0.01880413345,2020-07-03
0.003354748359,2020-07-08
-1.93E-04,2020-07-08
0.008194269009,2020-07-08
0.002824716127,2020-07-08
-0.02796161667,2020-07-13
-0.04869920964,2020-07-13
-0.03550993412,2020-07-13
-0.05101684262,2020-07-13
1.13E-04,2020-07-18
0.004440926296,2020-07-18
-0.002645284439,2020-07-18
0.003250964538,2020-07-18
-0.04624715874,2020-07-23
-0.06928220203,2020-07-23
-0.04792675443,2020-07-23
-0.06639369098,2020-07-23
-0.04748072303,2020-07-28
-0.06997061616,2020-07-28
-0.04778050833,2020-07-28
-0.06784312927,2020-07-28
-0.05333314536,2020-08-02
-0.08132212658,2020-08-02
-0.06193084609,2020-08-02
-0.07941377897,2020-08-02
-0.04438589356,2020-08-07
-0.06091284571,2020-08-07
-0.03991416328,2020-08-07
-0.06313487223,2020-08-07
-0.03450395151,2020-08-12
-0.07016130561,2020-08-12
-0.02178456019,2020-08-12
-0.06752374493,2020-08-12
-0.005674586608,2020-08-17
0.007360795407,2020-08-17
-0.02651244015,2020-08-17
4.94E-04,2020-08-17
-0.07464933674,2020-08-22
-0.1122238476,2020-08-22
-0.05257539938,2020-08-22
-0.1101654211,2020-08-22
-0.03854393106,2020-08-27
-0.05758072939,2020-08-27
-0.04834415503,2020-08-27
-0.05031932421,2020-08-27
-0.02156207515,2020-09-01
-0.03509245898,2020-09-01
-0.03665431314,2020-09-01
-0.04830115644,2020-09-01
-0.0399761193,2020-09-06
-0.06244038845,2020-09-06
-0.02981729111,2020-09-06
-0.06285900885,2020-09-06
-0.05018554565,2020-09-11
-0.08027242516,2020-09-11
-0.06337057198,2020-09-11
-0.07843847381,2020-09-11
-0.04199049802,2020-09-16
-0.06945857176,2020-09-16
-0.05481288261,2020-09-16
-0.07064687433,2020-09-16
-0.03522258592,2020-09-21
-0.05762579715,2020-09-21
-0.05214054716,2020-09-21
-0.05900218642,2020-09-21
0.002369661769,2020-09-26
0.02456150006,2020-09-26
0.01403638183,2020-09-26
0.02198290423,2020-09-26
-0.01682116955,2020-10-01
-0.03239979505,2020-10-01
-0.03803339188,2020-10-01
-0.03197694185,2020-10-01
-0.009138157694,2020-10-06
-0.01876189552,2020-10-06
-0.03231290047,2020-10-06
-0.01813268519,2020-10-06
-0.008315777829,2020-10-11
-0.01226903842,2020-10-11
-0.02444189617,2020-10-11
-0.01441964303,2020-10-11
-0.008261445648,2020-10-16
-0.01210423959,2020-10-16
-0.02994021689,2020-10-16
-0.01478716053,2020-10-16
9.22E-05,2020-10-21
0.004256627038,2020-10-21
-0.0233831224,2020-10-21
-0.00147167855,2020-10-21
-0.0123344051,2020-10-26
-0.01028415915,2020-10-26
-0.0262721342,2020-10-26
-0.01611972286,2020-10-26
-0.008488230984,2020-10-31
0.002154485872,2020-10-31
-0.02737137678,2020-10-31
-0.006770703961,2020-10-31
-0.01811652297,2020-11-05
-0.007295442255,2020-11-05
-0.03016125087,2020-11-05
-0.01432044386,2020-11-05
-0.01014612761,2020-11-10
-0.006756562563,2020-11-10
-0.01441026396,2020-11-10
-0.01284780433,2020-11-10
-0.02584264978,2020-11-15
-0.01924038757,2020-11-15
-0.0323863885,2020-11-15
-0.02499354226,2020-11-15
-0.02298220325,2020-11-20
-0.003274300221,2020-11-20
-0.03493979818,2020-11-20
-0.01331049206,2020-11-20
0.01901794205,2020-11-25
0.02273247218,2020-11-25
0.01749660535,2020-11-25
0.02120559454,2020-11-25
-0.02866486562,2020-11-30
-0.01184077101,2020-11-30
-0.03583161483,2020-11-30
-0.02109514748,2020-11-30
-0.03115599859,2020-12-05
-0.02270717767,2020-12-05
-0.03312964955,2020-12-05
-0.02977191704,2020-12-05
-0.03824637419,2020-12-10
-0.03135343559,2020-12-10
-0.0360418017,2020-12-10
-0.039741059,2020-12-10
-0.04211351584,2020-12-15
-0.04019449548,2020-12-15
-0.03539144365,2020-12-15
-0.0482007219,2020-12-15
-0.04550592122,2020-12-20
-0.04448143703,2020-12-20
-0.03603155121,2020-12-20
-0.04340595439,2020-12-20
-0.05358309706,2020-12-25
-0.06028177951,2020-12-25
-0.0388897099,2020-12-25
-0.06442241036,2020-12-25
-0.002455894429,2020-12-30
0.01797463714,2020-12-30
-0.02219467219,2020-12-30
0.01904924994,2020-12-30
-0.07386725041,2021-01-04
-0.08189758349,2021-01-04
-0.06032666374,2021-01-04
-0.08882122019,2021-01-04
-0.009505895211,2021-01-09
-0.05891261115,2021-01-09
-0.003668709035,2021-01-09
-0.06495767403,2021-01-09
-0.02671816917,2021-01-14
0.03668684838,2021-01-14
-0.02447246492,2021-01-14
0.03687832724,2021-01-14
0.002330748127,2021-01-19
-0.05262358303,2021-01-19
-0.04002910991,2021-01-19
-0.07091458908,2021-01-19
0.03865109573,2021-01-24
0.04036011013,2021-01-24
0.04024742379,2021-01-24
0.04215011366,2021-01-24
-0.06692967375,2021-01-29
-0.07955770535,2021-01-29
-0.04322610415,2021-01-29
-0.07769665611,2021-01-29
-0.05750344366,2021-02-03
-0.06645923695,2021-02-03
-0.03487080648,2021-02-03
-0.06933774077,2021-02-03
-0.06786676981,2021-02-08
-0.08111330123,2021-02-08
-0.04209463125,2021-02-08
-0.08355405229,2021-02-08
0.009635938636,2021-02-13
0.03910128377,2021-02-13
-0.01931674375,2021-02-13
0.03964942897,2021-02-13
-0.06079608378,2021-02-18
-0.07560372809,2021-02-18
-0.03836984258,2021-02-18
-0.0849649378,2021-02-18
-0.05866257831,2021-02-23
-0.07993223205,2021-02-23
-0.03241874072,2021-02-23
-0.08018044345,2021-02-23
-0.04127689738,2021-02-28
-0.05881659921,2021-02-28
-0.02231502724,2021-02-28
-0.06055450478,2021-02-28
-0.04891639224,2021-03-05
-0.0776368671,2021-03-05
-0.02619016946,2021-03-05
-0.07731549941,2021-03-05
-0.04040284751,2021-03-10
-0.05832752367,2021-03-10
-0.02641682462,2021-03-10
-0.058145181,2021-03-10
-0.03450970424,2021-03-10
-0.02431202159,2021-03-10
-0.01272856745,2021-03-15
-0.02298919917,2021-03-15
-0.004982171188,2021-03-15
-0.0243412534,2021-03-15
-0.01703650785,2021-03-20
-0.03581787191,2021-03-20
-0.01276943414,2021-03-20
-0.0367339415,2021-03-20
0.002629318255,2021-03-25
-0.004593670714,2021-03-25
-0.001297919909,2021-03-25
-0.003942214247,2021-03-25
0.02439879586,2021-03-30
0.0241278637,2021-03-30
0.008376931051,2021-03-30
0.01992871441,2021-03-30
0.0314682813,2021-04-04
0.04337923015,2021-04-04
0.006269469887,2021-04-04
0.03777488547,2021-04-04
0.04628135762,2021-04-09
0.06351440357,2021-04-09
0.01554004906,2021-04-09
0.05614227365,2021-04-09
0.04560416711,2021-04-14
0.06638928724,2021-04-14
0.01597150549,2021-04-14
0.05971592343,2021-04-14
0.04138400401,2021-04-19
0.0636424229,2021-04-19
0.01032886492,2021-04-19
0.05633009505,2021-04-19
0.04730996497,2021-04-24
0.06737449047,2021-04-24
0.01474767147,2021-04-24
0.05990304526,2021-04-24
0.03138843306,2021-04-29
0.039810342,2021-04-29
0.007497488301,2021-04-29
0.03815138519,2021-04-29
0.03514276844,2021-05-04
0.02247973873,2021-05-04
0.01137050674,2021-05-04
0.0226010256,2021-05-04
0.02489198722,2021-05-09
0.02600453509,2021-05-09
-5.46E-04,2021-05-09
0.0217754004,2021-05-09
0.02741489009,2021-05-14
0.02178667384,2021-05-14
0.004868404439,2021-05-14
0.01662868002,2021-05-14
0.01751063689,2021-05-19
0.01763144396,2021-05-19
0.01772151764,2021-05-19
0.0178781151,2021-05-19
4.74E-05,2021-05-24
-0.00434883326,2021-05-24
-0.01456416668,2021-05-24
-0.008592247483,2021-05-24
0.01130716498,2021-05-29
0.01389107364,2021-05-29
-0.01233902582,2021-05-29
0.01096916062,2021-05-29
-2.54E-04,2021-06-03
-0.003694207937,2021-06-03
-0.02608104594,2021-06-03
-0.007206142267,2021-06-03
0.004379604681,2021-06-08
0.004983268191,2021-06-08
-0.01597566688,2021-06-08
0.003149532622,2021-06-08
0.007517655539,2021-06-13
-0.01041370011,2021-06-13
-0.01850791809,2021-06-13
-0.01688339596,2021-06-13
-0.01160803758,2021-06-18
-0.01617992765,2021-06-18
-0.01533993788,2021-06-18
-0.01323714079,2021-06-18
-0.003398049466,2021-06-23
-0.006404187526,2021-06-23
-0.01754012303,2021-06-23
-0.01028938441,2021-06-23
-0.01241474112,2021-06-28
-0.01460720399,2021-06-28
-0.0219133932,2021-06-28
-0.01596516446,2021-06-28
0.00667359452,2021-07-03
0.005887408813,2021-07-03
0.007769337034,2021-07-03
0.004499257083,2021-07-03
0.005154528988,2021-07-08
-0.003375377035,2021-07-08
-0.009116217426,2021-07-08
-0.003813130948,2021-07-08
0.01690700113,2021-07-13
0.01683386248,2021-07-13
0.01607221059,2021-07-13
0.01743918722,2021-07-13
-0.004098338593,2021-07-18
-0.008579667469,2021-07-18
-0.003492553444,2021-07-18
-0.007483208713,2021-07-18
-0.006140959566,2021-07-23
-0.03021236164,2021-07-23
-0.003636425539,2021-07-23
-0.03534890661,2021-07-23
0.01613800381,2021-07-28
0.01629125849,2021-07-28
0.01674150738,2021-07-28
0.01581614528,2021-07-28
0.01429137177,2021-08-02
0.01746879876,2021-08-02
0.01675971976,2021-08-02
0.01967367657,2021-08-02
-0.002300599619,2021-08-07
0.008196314472,2021-08-07
0.01432868488,2021-08-07
0.01401680353,2021-08-07
-0.04946284677,2021-08-12
-0.06687649112,2021-08-12
-0.04948647588,2021-08-12
-0.06199379784,2021-08-12
-0.03326564718,2021-08-17
-0.0622895487,2021-08-17
-0.04274588338,2021-08-17
-0.05351867618,2021-08-17
-0.002510313997,2021-08-22
-0.006041918367,2021-08-22
-0.002250293427,2021-08-22
-0.004956497924,2021-08-22
-0.04173845605,2021-08-27
-0.07224705474,2021-08-27
-0.05156928526,2021-08-27
-0.06816617385,2021-08-27
0.01621407074,2021-09-01
0.01673729532,2021-09-01
0.01713744444,2021-09-01
0.01661821112,2021-09-01
-0.03752833941,2021-09-06
-0.006426869323,2021-09-06
-0.01910125806,2021-09-06
-0.02527109584,2021-09-06
0.01801632781,2021-09-11
0.0180883346,2021-09-11
0.01796756544,2021-09-11
0.01819308033,2021-09-11
0.01789136208,2021-09-16
0.0164287528,2021-09-16
0.01740286152,2021-09-16
0.01250070255,2021-09-16
-0.04895194836,2021-09-21
-0.05095697671,2021-09-21
-0.05557150526,2021-09-21
-0.029872845,2021-09-21
-0.01569219506,2021-09-26
-0.02460253628,2021-09-26
-0.004321237644,2021-09-26
-0.02572721695,2021-09-26
-0.04317317605,2021-10-01
-0.0436293061,2021-10-01
-0.04237190838,2021-10-01
-0.04338880666,2021-10-01
-0.05459313232,2021-10-06
-0.07299367868,2021-10-06
-0.06252649582,2021-10-06
-0.06034933602,2021-10-06
-0.04277717641,2021-10-11
-0.05469353317,2021-10-11
-0.0601809023,2021-10-11
-0.04633285444,2021-10-11
-0.04371537478,2021-10-16
-0.0487063527,2021-10-16
-0.06002317249,2021-10-16
-0.04329930758,2021-10-16
-0.03853808194,2021-10-21
-0.04173310638,2021-10-21
-0.06139918555,2021-10-21
-0.04034429746,2021-10-21
-0.04138841045,2021-10-26
-0.03353988365,2021-10-26
-0.06361828409,2021-10-26
-0.03493273043,2021-10-26
-0.0348624212,2021-10-31
-0.02559547256,2021-10-31
-0.05371198182,2021-10-31
-0.02701688051,2021-10-31
-0.03620724621,2021-11-05
-0.03282963234,2021-11-05
-0.04090290778,2021-11-05
-0.03441406041,2021-11-05
-0.04119863032,2021-11-10
-0.02811231934,2021-11-10
-0.04857228701,2021-11-10
-0.03062576424,2021-11-10
-0.04368315319,2021-11-15
-0.02777374671,2021-11-15
-0.0479286403,2021-11-15
-0.03125169069,2021-11-15
-0.02729874989,2021-11-20
-0.006075518193,2021-11-20
-0.01842092314,2021-11-20
-0.00389395789,2021-11-20
-0.04412787904,2021-11-25
-0.02159726395,2021-11-25
-0.04332245117,2021-11-25
-0.02709680122,2021-11-25
-0.03712368171,2021-11-30
-0.02209843593,2021-11-30
-0.03581669868,2021-11-30
-0.02730192107,2021-11-30
-0.02179259374,2021-12-05
-0.0402406351,2021-12-05
-0.02613318474,2021-12-05
-0.05129108405,2021-12-05
-0.06348161684,2021-12-10
-0.04572799737,2021-12-10
-0.05861781992,2021-12-10
-0.05657876035,2021-12-10
-0.05763777145,2021-12-15
-0.04885098367,2021-12-15
-0.05221531745,2021-12-15
-0.06168517286,2021-12-15
-0.06933558972,2021-12-20
-0.05667331594,2021-12-20
-0.05773635215,2021-12-20
-0.06826077951,2021-12-20
-0.04813811369,2021-12-25
-0.04201153008,2021-12-25
-0.04066785545,2021-12-25
-0.04831542778,2021-12-25
-0.06705930325,2021-12-30
-0.07249690982,2021-12-30
-0.05495364174,2021-12-30
-0.08189557373,2021-12-30
0.02000025375,2022-01-09
0.02466223571,2022-01-09
0.02402884239,2022-01-09
0.02608138998,2022-01-09
0.02238506331,2022-01-14
0.03937219839,2022-01-14
0.01410206599,2022-01-14
0.0378533706,2022-01-14
-0.01051708684,2022-01-24
0.02121476902,2022-01-24
0.003376835949,2022-01-24
0.02466926768,2022-01-24
-0.0444847657,2022-01-29
-0.0539378697,2022-01-29
-0.03047389715,2022-01-29
-0.05625813093,2022-01-29
0.02384512164,2022-02-03
0.01309441132,2022-02-03
0.03105236239,2022-02-03
0.02564813865,2022-02-03
-0.03258622059,2022-02-08
-0.04060784311,2022-02-08
-0.02437681344,2022-02-08
-0.04233025496,2022-02-08
-0.03283840103,2022-02-13
-0.04694942939,2022-02-13
-0.02312334587,2022-02-13
-0.04682182071,2022-02-13
-0.03000540412,2022-02-18
-0.04390309562,2022-02-18
-0.0216594658,2022-02-18
-0.04533203236,2022-02-18
-0.01575528709,2022-02-23
-0.01729739624,2022-02-23
-0.01110633168,2022-02-23
-0.01812541159,2022-02-23
-0.02724067596,2022-02-28
-0.04379249045,2022-02-28
-0.02306935977,2022-02-28
-0.04491519079,2022-02-28
-0.02584063949,2022-03-05
-0.04326321766,2022-03-05
-0.0235585306,2022-03-05
-0.04436033429,2022-03-05
-0.01658131635,2022-03-10
-0.02635692574,2022-03-10
-0.01627358824,2022-03-10
-0.02965229009,2022-03-10
-0.01975482681,2022-03-15
-0.03652414744,2022-03-15
-0.02011222206,2022-03-15
-0.03741842325,2022-03-15
-0.0119470428,2022-03-20
-0.02883228561,2022-03-20
-0.01491941161,2022-03-20
-0.02983613723,2022-03-20
-0.007161330417,2022-03-25
-0.0206762444,2022-03-25
-0.01269641843,2022-03-25
-0.02097275404,2022-03-25
0.002521348199,2022-03-30
-0.004241797185,2022-03-30
-0.00694132334,2022-03-30
-0.004125008077,2022-03-30
0.01004275589,2022-04-04
0.01032135749,2022-04-04
-0.002869657901,2022-04-04
0.009535204708,2022-04-04
0.01483884411,2022-04-09
0.01941248511,2022-04-09
-8.24E-04,2022-04-09
0.01773990399,2022-04-09
0.01837549108,2022-04-14
0.02855607634,2022-04-14
0.001649516115,2022-04-14
0.02534189642,2022-04-14
0.02032342663,2022-04-19
0.03268669742,2022-04-19
0.003139537612,2022-04-19
0.02885180069,2022-04-19
0.0215826805,2022-04-24
0.03511371643,2022-04-24
0.003438146583,2022-04-24
0.03086613204,2022-04-24
0.02056715667,2022-04-29
0.02805307677,2022-04-29
0.004942422878,2022-04-29
0.02523622086,2022-04-29
0.01432056721,2022-05-04
0.01601318616,2022-05-04
8.67E-04,2022-05-04
0.01340134317,2022-05-04
0.01173846806,2022-05-09
0.01242665665,2022-05-09
-0.002064868834,2022-05-09
0.01023982647,2022-05-09
0.01845073017,2022-05-14
0.02113671039,2022-05-14
0.002704582755,2022-05-14
0.01735071019,2022-05-14
0.01484629393,2022-05-19
0.01277593654,2022-05-19
0.002070855201,2022-05-19
0.0102546195,2022-05-19
0.002385778002,2022-05-24
0.001688683995,2022-05-24
-0.006453350664,2022-05-24
-0.001285652389,2022-05-24
0.01190163406,2022-05-29
0.01411268446,2022-05-29
-4.79E-04,2022-05-29
0.01070434765,2022-05-29
0.01300313148,2022-06-03
0.01245591829,2022-06-03
-0.003248748688,2022-06-03
0.009695084136,2022-06-03
0.01539972102,2022-06-08
0.01605366896,2022-06-08
0.004093711499,2022-06-08
0.01456614093,2022-06-08
0.01810351852,2022-06-13
0.01353701533,2022-06-13
0.01640377817,2022-06-13
0.01379715347,2022-06-13
0.01085509621,2022-06-18
0.01361709655,2022-06-18
0.009984116148,2022-06-18
0.01450663681,2022-06-18
0.007989854583,2022-06-23
0.005096301001,2022-06-23
-0.006814350171,2022-06-23
3.14E-04,2022-06-23
-0.002052978756,2022-06-28
-0.007840193638,2022-06-28
-0.01305613619,2022-06-28
-0.01009551011,2022-06-28
-0.0133016559,2022-07-03
-0.01358201586,2022-07-03
-0.01941123232,2022-07-03
-0.01509128154,2022-07-03
-0.01357797029,2022-07-08
-0.02627949091,2022-07-08
-0.0211431547,2022-07-08
-0.02297097448,2022-07-08
-0.01223710972,2022-07-13
-0.02581534673,2022-07-13
-0.01342952327,2022-07-13
-0.0236003573,2022-07-13
-0.01426426876,2022-07-18
-0.0324070705,2022-07-18
-0.02204204356,2022-07-18
-0.03243666221,2022-07-18
-0.007240314452,2022-07-23
-0.0171514655,2022-07-23
-0.004197086592,2022-07-23
-0.01780231233,2022-07-23
-0.01172871165,2022-07-28
-0.01527800966,2022-07-28
-0.001562849287,2022-07-28
-0.01217680482,2022-07-28
-0.02874483625,2022-08-02
-0.04121388845,2022-08-02
-0.02624631407,2022-08-02
-0.03536701027,2022-08-02
0.01577016972,2022-08-07
0.01583652356,2022-08-07
0.01604858272,2022-08-07
0.01611501333,2022-08-07
-0.0296648672,2022-08-12
-0.05306453165,2022-08-12
-0.02957886025,2022-08-12
-0.05047202981,2022-08-12
-0.02102643686,2022-08-17
-0.04831799509,2022-08-17
-0.02612659995,2022-08-17
-0.04878348951,2022-08-17
-0.01342997462,2022-08-22
-0.03618083692,2022-08-22
-0.01480731827,2022-08-22
-0.03536785665,2022-08-22
-0.01823050287,2022-08-27
-0.04171897436,2022-08-27
-0.02511206452,2022-08-27
-0.03453155092,2022-08-27
-0.01782426048,2022-09-01
-0.03714102457,2022-09-01
-0.02629271496,2022-09-01
-0.0366990419,2022-09-01
-0.01018343852,2022-09-06
-0.02688162594,2022-09-06
-0.01868220223,2022-09-06
-0.02441482862,2022-09-06
-0.01544091469,2022-09-11
-0.03312397629,2022-09-11
-0.02327648945,2022-09-11
-0.03466186358,2022-09-11
0.01347131532,2022-09-16
0.01431959725,2022-09-16
0.01839563638,2022-09-16
0.01509354656,2022-09-16
-0.02085885017,2022-09-21
-0.04200091292,2022-09-21
-0.01772676268,2022-09-21
-0.03444530896,2022-09-21
-0.01477944528,2022-09-26
-0.03549194018,2022-09-26
-0.0190627754,2022-09-26
-0.03986542113,2022-09-26
-0.02788128853,2022-10-01
-0.0412016637,2022-10-01
-0.03252811336,2022-10-01
-0.03923392008,2022-10-01
-0.01421271767,2022-10-06
-0.03204218239,2022-10-06
-0.01623518461,2022-10-06
-0.03091047336,2022-10-06
-0.02270242398,2022-10-11
-0.01338956043,2022-10-11
-0.02232122737,2022-10-11
-0.03062101895,2022-10-11
-0.02529318974,2022-10-16
-0.02985633321,2022-10-16
-0.03329768913,2022-10-16
-0.02943217974,2022-10-16
-0.0160659319,2022-10-21
-0.01766967093,2022-10-21
-0.02599939891,2022-10-21
-0.01859499513,2022-10-21
-0.01938955248,2022-10-26
-0.01914698703,2022-10-26
-0.02934026625,2022-10-26
-0.02118057737,2022-10-26
-0.02176945551,2022-10-31
-0.0210675798,2022-10-31
-0.02898305714,2022-10-31
-0.0232133487,2022-10-31
-0.02003152535,2022-11-05
-0.01815545562,2022-11-05
-0.02693740853,2022-11-05
-0.02008382421,2022-11-05
-0.01845435451,2022-11-10
-0.02358832419,2022-11-10
-0.02814205753,2022-11-10
-0.01904360257,2022-11-10
-0.01836926806,2022-11-15
-0.0230579677,2022-11-15
-0.02099518602,2022-11-15
-0.02757609093,2022-11-15
-0.01923901909,2022-11-20
-0.009151907531,2022-11-20
-0.0251496529,2022-11-20
-0.01366030324,2022-11-20
-0.01957811066,2022-11-25
-0.009952409289,2022-11-25
-0.02332888527,2022-11-25
-0.01424756019,2022-11-25
-0.02550970264,2022-11-30
-0.01788709393,2022-11-30
-0.02577460572,2022-11-30
-0.02123540449,2022-11-30
-0.02589434668,2022-12-05
-0.01804009162,2022-12-05
-0.02388079409,2022-12-05
-0.02223880475,2022-12-05
-0.02932821505,2022-12-10
-0.02348274165,2022-12-10
-0.02506598566,2022-12-10
-0.02741199471,2022-12-10
-0.02756472128,2022-12-15
-0.02357117968,2022-12-15
-0.02196040823,2022-12-15
-0.02766824476,2022-12-15
0.003555734617,2022-12-20
0.00985515391,2022-12-20
-0.009815366451,2022-12-20
0.002466602608,2022-12-20
0.0145962517,2022-12-25
0.009133791304,2022-12-25
-0.006561732493,2022-12-25
-6.22E-04,2022-12-25
-0.01079868931,2022-12-30
0.004479478323,2022-12-30
-0.01212860664,2022-12-30
0.004503224481,2022-12-30